ID	chrom	Arm	Gain_Loss	Arm_Length	total_cnv_length	segment_count	arm_length_mb	cnv_rate_per_mb	cnv_proportion_per_mb	arm
2436A	chr1	NA	Loss	NA	30.999999	1	NA	NA	NA	chr1NA
2436A	chr10	q	Loss	94108943	18.647833	5	94.108943	0.0531299134876055	0.198151550804263	chr10q
2436A	chr10	NA	Loss	NA	3.999999	1	NA	NA	NA	chr10NA
2436A	chr11	p	Loss	52743313	0.000611	1	52.743313	0.01895974945677	1.15844069180865e-05	chr11p
2436A	chr11	NA	Loss	NA	3.999999	1	NA	NA	NA	chr11NA
2436A	chr12	NA	Loss	NA	4.999999	1	NA	NA	NA	chr12NA
2436A	chr13	NA	Loss	NA	19	1	NA	NA	NA	chr13NA
2436A	chr15	NA	Loss	NA	21	1	NA	NA	NA	chr15NA
2436A	chr16	NA	Loss	NA	13.999999	1	NA	NA	NA	chr16NA
2436A	chr17	NA	Loss	NA	5.999999	1	NA	NA	NA	chr17NA
2436A	chr18	q	Loss	62092914	0.400654	1	62.092914	0.0161048972512387	0.00645249150329778	chr18q
2436A	chr18	NA	Loss	NA	6.999999	1	NA	NA	NA	chr18NA
2436A	chr19	NA	Loss	NA	3.999999	1	NA	NA	NA	chr19NA
2436A	chr2	NA	Loss	NA	7.999999	1	NA	NA	NA	chr2NA
2436A	chr20	NA	Loss	NA	6.999999	1	NA	NA	NA	chr20NA
2436A	chr21	NA	Loss	NA	13	1	NA	NA	NA	chr21NA
2436A	chr4	p	Loss	52452474	3.999999	1	52.452474	0.0190648776643024	0.0762594915923318	chr4p
2436A	chr5	NA	Loss	NA	5.999999	1	NA	NA	NA	chr5NA
2436A	chr6	NA	Loss	NA	4.999999	1	NA	NA	NA	chr6NA
2436A	chr7	NA	Loss	NA	4.999999	1	NA	NA	NA	chr7NA
2436A	chr8	NA	Loss	NA	3.999999	1	NA	NA	NA	chr8NA
2436A	chr9	NA	Loss	NA	26.999999	1	NA	NA	NA	chr9NA
2436A	chrX	p	Loss	59373565	57.999999	2	59.373565	0.0336850246401745	0.976865697722547	chrXp
2436A	chrX	q	Loss	94886001	90.249999	2	94.886001	0.0210779248669148	0.951141349080567	chrXq
2436A	chrX	NA	Loss	NA	5.999999	1	NA	NA	NA	chrXNA
3188	chr1	p	Loss	124048267	119.99999	11	124.048267	0.0886751606130862	0.967365307892612	chr1p
3188	chr1	NA	Loss	NA	30.999999	1	NA	NA	NA	chr1NA
3188	chr10	q	Loss	94108943	43.493116	6	94.108943	0.0637558961851266	0.462157098077278	chr10q
3188	chr10	NA	Loss	NA	3.999999	1	NA	NA	NA	chr10NA
3188	chr11	q	Gain	82384456	16.786883	1	82.384456	0.0121382120918538	0.203762746215136	chr11q
3188	chr11	NA	Loss	NA	3.999999	1	NA	NA	NA	chr11NA
3188	chr12	p	Loss	35911664	32.999999	2	35.911664	0.0556922118674311	0.918921467966508	chr12p
3188	chr12	q	Loss	97412884	95.299993	8	97.412884	0.0821246602246167	0.978309943066669	chr12q
3188	chr12	NA	Loss	NA	4.999999	1	NA	NA	NA	chr12NA
3188	chr13	q	Loss	97043744	1.255749	8	97.043744	0.0824370502440631	0.0129400304258665	chr13q
3188	chr13	NA	Loss	NA	19	1	NA	NA	NA	chr13NA
3188	chr14	q	Gain	89761231	6.450928	24	89.761231	0.267376012256338	0.0718676418330315	chr14q
3188	chr14	q	Loss	89761231	38.245179	66	89.761231	0.73528403370493	0.426076810377077	chr14q
3188	chr14	NA	Loss	NA	20	1	NA	NA	NA	chr14NA
3188	chr15	NA	Loss	NA	21	1	NA	NA	NA	chr15NA
3188	chr16	NA	Loss	NA	13.999999	1	NA	NA	NA	chr16NA
3188	chr17	q	Loss	58587218	0.260023	1	58.587218	0.017068569461687	0.00443822063713624	chr17q
3188	chr17	NA	Loss	NA	5.999999	1	NA	NA	NA	chr17NA
3188	chr18	p	Loss	18449624	1.366105	1	18.449624	0.0542016466026625	0.0740451404321302	chr18p
3188	chr18	q	Loss	62092914	1.75359	1	62.092914	0.0161048972512387	0.0282413867707996	chr18q
3188	chr18	NA	Loss	NA	6.999999	1	NA	NA	NA	chr18NA
3188	chr19	p	Loss	27792923	3.953152	1	27.792923	0.0359803824880168	0.142235920993269	chr19p
3188	chr19	q	Loss	33914441	18.285438	4	33.914441	0.117943857603314	0.539163773921558	chr19q
3188	chr19	NA	Loss	NA	3.999999	1	NA	NA	NA	chr19NA
3188	chr2	p	Gain	93503283	0.16736	1	93.503283	0.0106948116463462	0.00178988367713249	chr2p
3188	chr2	NA	Loss	NA	7.999999	1	NA	NA	NA	chr2NA
3188	chr20	NA	Loss	NA	6.999999	1	NA	NA	NA	chr20NA
3188	chr21	NA	Loss	NA	13	1	NA	NA	NA	chr21NA
3188	chr22	NA	Loss	NA	19	1	NA	NA	NA	chr22NA
3188	chr4	p	Loss	52452474	3.999999	1	52.452474	0.0190648776643024	0.0762594915923318	chr4p
3188	chr4	q	Loss	141122471	6.53384	2	141.122471	0.0141720874487806	0.0462990759281702	chr4q
3188	chr5	p	Gain	48317879	5.011238	20	48.317879	0.413925453971189	0.103713948205384	chr5p
3188	chr5	p	Loss	48317879	19.669906	31	48.317879	0.641584453655344	0.407093738531031	chr5p
3188	chr5	q	Loss	133727560	66.411905	69	133.72756	0.515974418437007	0.496620928400997	chr5q
3188	chr5	NA	Loss	NA	5.999999	1	NA	NA	NA	chr5NA
3188	chr6	p	Gain	59672548	54.517855	4	59.672548	0.0670324987630828	0.913617011963357	chr6p
3188	chr6	q	Loss	112454080	109.099995	6	112.45408	0.0533551117042619	0.970173736693235	chr6q
3188	chr6	NA	Loss	NA	4.999999	1	NA	NA	NA	chr6NA
3188	chr7	NA	Loss	NA	4.999999	1	NA	NA	NA	chr7NA
3188	chr8	p	Gain	45270456	43	1	45.270456	0.0220894616126685	0.949846849344747	chr8p
3188	chr8	q	Gain	100988875	99.25	1	100.988875	0.0099020807985038	0.982781519251502	chr8q
3188	chr8	NA	Loss	NA	3.999999	1	NA	NA	NA	chr8NA
3188	chr9	p	Loss	46267185	37.999996	5	46.267185	0.108067953561471	0.821316360612819	chr9p
3188	chr9	q	Gain	104350062	85.599996	5	104.350062	0.0479156399542916	0.820315717684959	chr9q
3188	chr9	NA	Loss	NA	26.999999	1	NA	NA	NA	chr9NA
3188	chrX	p	Loss	59373565	57.999991	10	59.373565	0.168425123200872	0.976865562982449	chrXp
3188	chrX	q	Loss	94886001	90.249987	14	94.886001	0.147545474068403	0.951141222613018	chrXq
3188	chrX	NA	Loss	NA	5.999999	1	NA	NA	NA	chrXNA
3988	chr1	q	Loss	124339061	31.311769	3	124.339061	0.0241275748415054	0.251825683322476	chr1q
3988	chr1	NA	Loss	NA	30.999999	1	NA	NA	NA	chr1NA
3988	chr10	p	Gain	40649191	37.987684	2	40.649191	0.0492014711928707	0.934524970004938	chr10p
3988	chr10	p	Loss	40649191	0.012314	1	40.649191	0.0246007355964354	0.000302933458134505	chr10p
3988	chr10	q	Gain	94108943	0.07763	1	94.108943	0.0106259826975211	0.000824895036808564	chr10q
3988	chr10	NA	Loss	NA	3.999999	1	NA	NA	NA	chr10NA
3988	chr11	p	Loss	52743313	51	1	52.743313	0.01895974945677	0.96694722229527	chr11p
3988	chr11	NA	Loss	NA	3.999999	1	NA	NA	NA	chr11NA
3988	chr12	p	Gain	35911664	32.999999	2	35.911664	0.0556922118674311	0.918921467966508	chr12p
3988	chr12	q	Loss	97412884	0.428325	1	97.412884	0.0102655825280771	0.00439700563633862	chr12q
3988	chr12	NA	Loss	NA	4.999999	1	NA	NA	NA	chr12NA
3988	chr13	NA	Loss	NA	19	1	NA	NA	NA	chr13NA
3988	chr15	NA	Loss	NA	21	1	NA	NA	NA	chr15NA
3988	chr16	q	Loss	59491471	6.294318	1	59.491471	0.01680913218636	0.105802023284985	chr16q
3988	chr16	NA	Loss	NA	13.999999	1	NA	NA	NA	chr16NA
3988	chr17	p	Loss	25689679	22	1	25.689679	0.0389261383919978	0.856375044623952	chr17p
3988	chr17	NA	Loss	NA	5.999999	1	NA	NA	NA	chr17NA
3988	chr18	NA	Loss	NA	6.999999	1	NA	NA	NA	chr18NA
3988	chr19	q	Loss	33914441	9.649159	1	33.914441	0.0294859644008285	0.284514758771934	chr19q
3988	chr19	NA	Loss	NA	3.999999	1	NA	NA	NA	chr19NA
3988	chr2	p	Loss	93503283	9.26261	7	93.503283	0.074863681524423	0.0990618693035623	chr2p
3988	chr2	q	Loss	149193469	12.718758	4	149.193469	0.0268108250770682	0.0852500989838905	chr2q
3988	chr2	NA	Loss	NA	7.999999	1	NA	NA	NA	chr2NA
3988	chr20	NA	Loss	NA	6.999999	1	NA	NA	NA	chr20NA
3988	chr21	NA	Loss	NA	13	1	NA	NA	NA	chr21NA
3988	chr22	NA	Loss	NA	19	1	NA	NA	NA	chr22NA
3988	chr3	q	Loss	107029434	32.254803	7	107.029434	0.0654025695398894	0.301363856600419	chr3q
3988	chr4	p	Loss	52452474	3.999999	1	52.452474	0.0190648776643024	0.0762594915923318	chr4p
3988	chr5	q	Loss	133727560	0.362986	2	133.72756	0.0149557802445509	0.00271436942392428	chr5q
3988	chr5	NA	Loss	NA	5.999999	1	NA	NA	NA	chr5NA
3988	chr6	q	Loss	112454080	0.823414	1	112.45408	0.00889251861737698	0.00732222432480885	chr6q
3988	chr6	NA	Loss	NA	4.999999	1	NA	NA	NA	chr6NA
3988	chr7	q	Gain	98502993	0.359289	2	98.502993	0.0203039515763749	0.00364749322896209	chr7q
3988	chr7	NA	Loss	NA	4.999999	1	NA	NA	NA	chr7NA
3988	chr8	p	Gain	45270456	17.46981	2	45.270456	0.0441789232253371	0.385898697375613	chr8p
3988	chr8	NA	Loss	NA	3.999999	1	NA	NA	NA	chr8NA
3988	chr9	q	Loss	104350062	20.096933	1	104.350062	0.00958312799085831	0.192591481162704	chr9q
3988	chr9	NA	Loss	NA	26.999999	1	NA	NA	NA	chr9NA
3988	chrX	p	Loss	59373565	57.999997	4	59.373565	0.0673700492803489	0.976865664037522	chrXp
3988	chrX	q	Loss	94886001	90.249998	3	94.886001	0.0316168873003722	0.951141338541604	chrXq
3988	chrX	NA	Loss	NA	5.999999	1	NA	NA	NA	chrXNA
6265D	chr1	p	Loss	124048267	32.151049	1	124.048267	0.00806137823755329	0.259181766723109	chr1p
6265D	chr1	NA	Loss	NA	30.999999	1	NA	NA	NA	chr1NA
6265D	chr10	NA	Loss	NA	3.999999	1	NA	NA	NA	chr10NA
6265D	chr11	q	Gain	82384456	0.00553	1	82.384456	0.0121382120918538	6.71243128679517e-05	chr11q
6265D	chr11	q	Loss	82384456	0.047587	1	82.384456	0.0121382120918538	0.000577621098815048	chr11q
6265D	chr11	NA	Loss	NA	3.999999	1	NA	NA	NA	chr11NA
6265D	chr12	q	Gain	97412884	13.653119	2	97.412884	0.0205311650561542	0.140157219860157	chr12q
6265D	chr12	NA	Loss	NA	4.999999	1	NA	NA	NA	chr12NA
6265D	chr13	q	Loss	97043744	53.112085	4	97.043744	0.0412185251220316	0.547300452463994	chr13q
6265D	chr13	NA	Loss	NA	19	1	NA	NA	NA	chr13NA
6265D	chr14	q	Gain	89761231	31.801522	2	89.761231	0.0222813343546948	0.354290172335092	chr14q
6265D	chr14	q	Loss	89761231	48.20369	1	89.761231	0.0111406671773474	0.53702126701003	chr14q
6265D	chr15	NA	Loss	NA	21	1	NA	NA	NA	chr15NA
6265D	chr16	NA	Loss	NA	13.999999	1	NA	NA	NA	chr16NA
6265D	chr17	NA	Loss	NA	5.999999	1	NA	NA	NA	chr17NA
6265D	chr18	q	Loss	62092914	44.986622	7	62.092914	0.112734280758671	0.724504924990314	chr18q
6265D	chr18	NA	Loss	NA	6.999999	1	NA	NA	NA	chr18NA
6265D	chr19	q	Loss	33914441	33.7	1	33.914441	0.0294859644008285	0.993677000307922	chr19q
6265D	chr19	NA	Loss	NA	3.999999	1	NA	NA	NA	chr19NA
6265D	chr2	q	Loss	149193469	0.246928	1	149.193469	0.00670270626926705	0.00165508585365758	chr2q
6265D	chr2	NA	Loss	NA	7.999999	1	NA	NA	NA	chr2NA
6265D	chr20	NA	Loss	NA	6.999999	1	NA	NA	NA	chr20NA
6265D	chr21	NA	Loss	NA	13	1	NA	NA	NA	chr21NA
6265D	chr22	q	Gain	37075304	0.062838	1	37.075304	0.0269721321772574	0.0016948748417545	chr22q
6265D	chr22	NA	Loss	NA	19	1	NA	NA	NA	chr22NA
6265D	chr3	p	Loss	94076514	39.764082	12	94.076514	0.127555746804139	0.422678097957584	chr3p
6265D	chr3	q	Loss	107029434	0.395892	1	107.029434	0.0093432242199842	0.00369890772289798	chr3q
6265D	chr4	p	Loss	52452474	3.999999	1	52.452474	0.0190648776643024	0.0762594915923318	chr4p
6265D	chr4	q	Gain	141122471	0.072863	1	141.122471	0.00708604372439029	0.000516310403890249	chr4q
6265D	chr5	p	Gain	48317879	0.330854	1	48.317879	0.0206962726985595	0.0068474446074092	chr5p
6265D	chr5	p	Loss	48317879	2.124914	2	48.317879	0.0413925453971189	0.0439777996049868	chr5p
6265D	chr5	q	Gain	133727560	11.888377	27	133.72756	0.201903033301438	0.0888999769381869	chr5q
6265D	chr5	q	Loss	133727560	18.968517	11	133.72756	0.0822567913450301	0.141844485908514	chr5q
6265D	chr5	NA	Loss	NA	5.999999	1	NA	NA	NA	chr5NA
6265D	chr6	p	Loss	59672548	9.032867	1	59.672548	0.0167581246907707	0.151373911501148	chr6p
6265D	chr6	q	Loss	112454080	108.702811	10	112.45408	0.0889251861737698	0.966641770578711	chr6q
6265D	chr6	NA	Loss	NA	4.999999	1	NA	NA	NA	chr6NA
6265D	chr7	p	Loss	62064435	0.065428	1	62.064435	0.0161122871738057	0.00105419472520776	chr7p
6265D	chr7	q	Loss	98502993	2.100854	1	98.502993	0.0101519757881875	0.0213278189425168	chr7q
6265D	chr7	NA	Loss	NA	4.999999	1	NA	NA	NA	chr7NA
6265D	chr8	NA	Loss	NA	3.999999	1	NA	NA	NA	chr8NA
6265D	chr9	p	Loss	46267185	36.198341	4	46.267185	0.086454362849177	0.78237612683806	chr9p
6265D	chr9	q	Loss	104350062	11.977241	2	104.350062	0.0191662559817166	0.114779433480356	chr9q
6265D	chr9	NA	Loss	NA	26.999999	1	NA	NA	NA	chr9NA
6265D	chrX	q	Loss	94886001	14.972641	2	94.886001	0.0210779248669148	0.157796101028644	chrXq
6265D	chrX	NA	Loss	NA	5.999999	1	NA	NA	NA	chrXNA
6266D	chr1	q	Loss	124339061	1.651664	1	124.339061	0.00804252494716845	0.01328354892434	chr1q
6266D	chr1	NA	Loss	NA	30.999999	1	NA	NA	NA	chr1NA
6266D	chr10	p	Gain	40649191	37.999999	2	40.649191	0.0492014711928707	0.934827928063808	chr10p
6266D	chr10	q	Gain	94108943	0.82162	1	94.108943	0.0106259826975211	0.00873051990393729	chr10q
6266D	chr10	q	Loss	94108943	0.209971	2	94.108943	0.0212519653950422	0.0022311482129812	chr10q
6266D	chr10	NA	Loss	NA	3.999999	1	NA	NA	NA	chr10NA
6266D	chr11	NA	Loss	NA	3.999999	1	NA	NA	NA	chr11NA
6266D	chr12	p	Gain	35911664	26.381354	4	35.911664	0.111384423734862	0.734617978158851	chr12p
6266D	chr12	p	Loss	35911664	6.321289	2	35.911664	0.0556922118674311	0.176023283131631	chr12p
6266D	chr12	NA	Loss	NA	4.999999	1	NA	NA	NA	chr12NA
6266D	chr13	NA	Loss	NA	19	1	NA	NA	NA	chr13NA
6266D	chr14	q	Gain	89761231	0.024528	1	89.761231	0.0111406671773474	0.000273258284525978	chr14q
6266D	chr15	NA	Loss	NA	21	1	NA	NA	NA	chr15NA
6266D	chr16	NA	Loss	NA	13.999999	1	NA	NA	NA	chr16NA
6266D	chr17	p	Loss	25689679	22	1	25.689679	0.0389261383919978	0.856375044623952	chr17p
6266D	chr17	q	Loss	58587218	0.512219	1	58.587218	0.017068569461687	0.00874284558109586	chr17q
6266D	chr17	NA	Loss	NA	5.999999	1	NA	NA	NA	chr17NA
6266D	chr18	NA	Loss	NA	6.999999	1	NA	NA	NA	chr18NA
6266D	chr19	q	Loss	33914441	33.699996	5	33.914441	0.147429822004143	0.993676882364064	chr19q
6266D	chr19	NA	Loss	NA	3.999999	1	NA	NA	NA	chr19NA
6266D	chr2	NA	Loss	NA	7.999999	1	NA	NA	NA	chr2NA
6266D	chr20	NA	Loss	NA	6.999999	1	NA	NA	NA	chr20NA
6266D	chr21	NA	Loss	NA	13	1	NA	NA	NA	chr21NA
6266D	chr22	NA	Loss	NA	19	1	NA	NA	NA	chr22NA
6266D	chr3	p	Loss	94076514	0.743763	3	94.076514	0.0318889367010346	0.00790593707585721	chr3p
6266D	chr3	q	Gain	107029434	0.115604	2	107.029434	0.0186864484399684	0.00108011409272705	chr3q
6266D	chr3	q	Loss	107029434	0.144295	1	107.029434	0.0093432242199842	0.00134818053882262	chr3q
6266D	chr4	p	Loss	52452474	3.999999	1	52.452474	0.0190648776643024	0.0762594915923318	chr4p
6266D	chr4	NA	Loss	NA	3.965026	1	NA	NA	NA	chr4NA
6266D	chr5	NA	Loss	NA	5.999999	1	NA	NA	NA	chr5NA
6266D	chr6	NA	Loss	NA	4.999999	1	NA	NA	NA	chr6NA
6266D	chr7	p	Gain	62064435	0.358862	1	62.064435	0.0161122871738057	0.00578208759976627	chr7p
6266D	chr7	NA	Loss	NA	4.999999	1	NA	NA	NA	chr7NA
6266D	chr8	NA	Loss	NA	3.999999	1	NA	NA	NA	chr8NA
6266D	chr9	p	Loss	46267185	37.999997	4	46.267185	0.086454362849177	0.82131638222641	chr9p
6266D	chr9	NA	Loss	NA	26.999999	1	NA	NA	NA	chr9NA
6266D	chrX	p	Loss	59373565	58	1	59.373565	0.0168425123200872	0.976865714565059	chrXp
6266D	chrX	q	Loss	94886001	90.249998	3	94.886001	0.0316168873003722	0.951141338541604	chrXq
6266D	chrX	NA	Loss	NA	5.999999	1	NA	NA	NA	chrXNA
6269C	chr1	NA	Loss	NA	30.999999	1	NA	NA	NA	chr1NA
6269C	chr10	NA	Loss	NA	3.999999	1	NA	NA	NA	chr10NA
6269C	chr11	NA	Loss	NA	3.999999	1	NA	NA	NA	chr11NA
6269C	chr12	NA	Loss	NA	4.999999	1	NA	NA	NA	chr12NA
6269C	chr13	NA	Loss	NA	19	1	NA	NA	NA	chr13NA
6269C	chr15	NA	Loss	NA	21	1	NA	NA	NA	chr15NA
6269C	chr16	NA	Loss	NA	13.999999	1	NA	NA	NA	chr16NA
6269C	chr17	NA	Loss	NA	5.999999	1	NA	NA	NA	chr17NA
6269C	chr18	NA	Loss	NA	6.999999	1	NA	NA	NA	chr18NA
6269C	chr19	q	Loss	33914441	1.956645	1	33.914441	0.0294859644008285	0.0576935648150592	chr19q
6269C	chr19	NA	Loss	NA	3.999999	1	NA	NA	NA	chr19NA
6269C	chr2	NA	Loss	NA	7.999999	1	NA	NA	NA	chr2NA
6269C	chr20	NA	Loss	NA	6.999999	1	NA	NA	NA	chr20NA
6269C	chr21	NA	Loss	NA	13	1	NA	NA	NA	chr21NA
6269C	chr4	p	Loss	52452474	3.999999	1	52.452474	0.0190648776643024	0.0762594915923318	chr4p
6269C	chr5	NA	Loss	NA	5.999999	1	NA	NA	NA	chr5NA
6269C	chr6	NA	Loss	NA	4.999999	1	NA	NA	NA	chr6NA
6269C	chr7	NA	Loss	NA	4.999999	1	NA	NA	NA	chr7NA
6269C	chr8	NA	Loss	NA	3.999999	1	NA	NA	NA	chr8NA
6269C	chr9	NA	Loss	NA	26.999999	1	NA	NA	NA	chr9NA
6269C	chrX	p	Loss	59373565	4.733873	1	59.373565	0.0168425123200872	0.0797303143242283	chrXp
6269C	chrX	NA	Loss	NA	5.999999	1	NA	NA	NA	chrXNA
6277A	chr1	q	Gain	124339061	14.266111	3	124.339061	0.0241275748415054	0.114735553616574	chr1q
6277A	chr1	q	Loss	124339061	1.541753	3	124.339061	0.0241275748415054	0.0123995869648718	chr1q
6277A	chr1	NA	Loss	NA	30.999999	1	NA	NA	NA	chr1NA
6277A	chr10	p	Gain	40649191	27.466095	5	40.649191	0.123003677982177	0.675686140961575	chr10p
6277A	chr10	p	Loss	40649191	10.484166	3	40.649191	0.0738022067893061	0.257918195715137	chr10p
6277A	chr10	NA	Loss	NA	3.999999	1	NA	NA	NA	chr10NA
6277A	chr11	p	Loss	52743313	18.812723	2	52.743313	0.03791949891354	0.356684514679614	chr11p
6277A	chr11	q	Gain	82384456	74.600695	4	82.384456	0.0485528483674153	0.9055190581097	chr11q
6277A	chr11	q	Loss	82384456	0.01953	1	82.384456	0.0121382120918538	0.000237059282153905	chr11q
6277A	chr11	NA	Loss	NA	3.999999	1	NA	NA	NA	chr11NA
6277A	chr12	p	Gain	35911664	29.661148	8	35.911664	0.222768847469725	0.825947469323616	chr12p
6277A	chr12	q	Gain	97412884	5.430439	3	97.412884	0.0307967475842313	0.0557466197181884	chr12q
6277A	chr12	NA	Loss	NA	4.999999	1	NA	NA	NA	chr12NA
6277A	chr13	q	Gain	97043744	35.490778	11	97.043744	0.113350944085587	0.365719381148361	chr13q
6277A	chr13	q	Loss	97043744	56.20571	24	97.043744	0.247311150732189	0.579179117409155	chr13q
6277A	chr13	NA	Loss	NA	19	1	NA	NA	NA	chr13NA
6277A	chr14	q	Loss	89761231	57.729809	1	89.761231	0.0111406671773474	0.643148588280836	chr14q
6277A	chr14	NA	Loss	NA	20	1	NA	NA	NA	chr14NA
6277A	chr15	q	Loss	82566565	13.559494	2	82.566565	0.0242228800483586	0.164224998339219	chr15q
6277A	chr15	NA	Loss	NA	21	1	NA	NA	NA	chr15NA
6277A	chr16	p	Gain	36838903	20.64511	1	36.838903	0.0271452165663022	0.560415981985131	chr16p
6277A	chr16	NA	Loss	NA	13.999999	1	NA	NA	NA	chr16NA
6277A	chr17	p	Gain	25689679	22	1	25.689679	0.0389261383919978	0.856375044623952	chr17p
6277A	chr17	q	Gain	58587218	56.249999	2	58.587218	0.034137138923374	0.960107015151325	chr17q
6277A	chr17	NA	Loss	NA	5.999999	1	NA	NA	NA	chr17NA
6277A	chr18	p	Loss	18449624	12.64048	1	18.449624	0.0542016466026625	0.685134829848023	chr18p
6277A	chr18	q	Gain	62092914	2.976637	2	62.092914	0.0322097945024774	0.0479384330392354	chr18q
6277A	chr18	q	Loss	62092914	25.598898	3	62.092914	0.0483146917537161	0.412267622034939	chr18q
6277A	chr18	NA	Loss	NA	6.999999	1	NA	NA	NA	chr18NA
6277A	chr19	p	Gain	27792923	9.657215	3	27.792923	0.10794114746405	0.347470289469013	chr19p
6277A	chr19	q	Gain	33914441	10.253744	3	33.914441	0.0884578932024856	0.302341530559209	chr19q
6277A	chr19	q	Loss	33914441	23.239556	4	33.914441	0.117943857603314	0.685240720907061	chr19q
6277A	chr19	NA	Loss	NA	3.999999	1	NA	NA	NA	chr19NA
6277A	chr2	q	Gain	149193469	116.137804	20	149.193469	0.134054125385341	0.778437586969708	chr2q
6277A	chr2	q	Loss	149193469	0.006524	1	149.193469	0.00670270626926705	4.37284557006983e-05	chr2q
6277A	chr2	NA	Loss	NA	7.999999	1	NA	NA	NA	chr2NA
6277A	chr20	p	Gain	28012753	24.999998	3	28.012753	0.107094079614381	0.892450592057125	chr20p
6277A	chr20	q	Gain	38197502	34.199998	3	38.197502	0.0785391672994742	0.895346454854561	chr20q
6277A	chr21	q	Gain	33956153	1.022474	3	33.956153	0.0883492308448487	0.0301115971529519	chr21q
6277A	chr21	q	Loss	33956153	11.756931	2	33.956153	0.0588994872298991	0.346238603648652	chr21q
6277A	chr21	NA	Loss	NA	13	1	NA	NA	NA	chr21NA
6277A	chr22	NA	Loss	NA	19	1	NA	NA	NA	chr22NA
6277A	chr3	p	Gain	94076514	88.461848	4	94.076514	0.0425185822680462	0.94031809044285	chr3p
6277A	chr3	q	Loss	107029434	77.065476	5	107.029434	0.046716121099921	0.720040021887811	chr3q
6277A	chr3	NA	Loss	NA	1.362506	1	NA	NA	NA	chr3NA
6277A	chr4	p	Gain	52452474	47.999999	2	52.452474	0.0381297553286047	0.915114108821635	chr4p
6277A	chr4	p	Loss	52452474	3.999999	1	52.452474	0.0190648776643024	0.0762594915923318	chr4p
6277A	chr4	q	Gain	141122471	8.428741	1	141.122471	0.00708604372439029	0.0597264272675611	chr4q
6277A	chr4	q	Loss	141122471	0.03944	1	141.122471	0.00708604372439029	0.000279473564489953	chr4q
6277A	chr4	NA	Gain	NA	8.779827	1	NA	NA	NA	chr4NA
6277A	chr5	p	Loss	48317879	5.381499	1	48.317879	0.0206962726985595	0.111376970831025	chr5p
6277A	chr5	q	Loss	133727560	43.669981	2	133.72756	0.0149557802445509	0.326559319559857	chr5q
6277A	chr5	NA	Loss	NA	5.999999	1	NA	NA	NA	chr5NA
6277A	chr6	p	Gain	59672548	57.95358	3	59.672548	0.0502743740723121	0.971193319916555	chr6p
6277A	chr6	p	Loss	59672548	0.046417	1	59.672548	0.0167581246907707	0.000777861873771504	chr6p
6277A	chr6	q	Gain	112454080	12.499834	15	112.45408	0.133387779260655	0.111155006559122	chr6q
6277A	chr6	q	Loss	112454080	96.440098	4	112.45408	0.0355700744695079	0.85759536692666	chr6q
6277A	chr7	p	Gain	62064435	57.999999	2	62.064435	0.0322245743476115	0.934512639968446	chr7p
6277A	chr7	q	Gain	98502993	88.824866	6	98.502993	0.0609118547291248	0.901747889020997	chr7q
6277A	chr7	NA	Loss	NA	4.999999	1	NA	NA	NA	chr7NA
6277A	chr8	p	Gain	45270456	40.630652	5	45.270456	0.110447308063343	0.897509227651694	chr8p
6277A	chr8	q	Gain	100988875	78.875141	11	100.988875	0.108922888783542	0.78102801917538	chr8q
6277A	chr8	NA	Loss	NA	3.999999	1	NA	NA	NA	chr8NA
6277A	chr9	p	Gain	46267185	32.373545	6	46.267185	0.129681544273766	0.69970855153604	chr9p
6277A	chr9	p	Loss	46267185	0.421208	1	46.267185	0.0216135907122943	0.00910381731674404	chr9p
6277A	chr9	q	Loss	104350062	24.190223	2	104.350062	0.0191662559817166	0.231818003136404	chr9q
6277A	chr9	NA	Loss	NA	26.999999	1	NA	NA	NA	chr9NA
6277A	chrX	p	Loss	59373565	57.999998	3	59.373565	0.0505275369602617	0.976865680880035	chrXp
6277A	chrX	q	Loss	94886001	90.249994	7	94.886001	0.0737727370342017	0.951141296385755	chrXq
6277A	chrX	NA	Loss	NA	5.999999	1	NA	NA	NA	chrXNA
6285B	chr1	NA	Loss	NA	30.999999	1	NA	NA	NA	chr1NA
6285B	chr10	NA	Loss	NA	3.999999	1	NA	NA	NA	chr10NA
6285B	chr11	NA	Loss	NA	3.999999	1	NA	NA	NA	chr11NA
6285B	chr12	NA	Loss	NA	4.999999	1	NA	NA	NA	chr12NA
6285B	chr13	q	Loss	97043744	78.209608	2	97.043744	0.0206092625610158	0.80592117303306	chr13q
6285B	chr13	NA	Loss	NA	19	1	NA	NA	NA	chr13NA
6285B	chr14	q	Loss	89761231	52.489548	3	89.761231	0.0334220015320423	0.584768584557402	chr14q
6285B	chr15	NA	Loss	NA	21	1	NA	NA	NA	chr15NA
6285B	chr16	q	Loss	59491471	9.833364	1	59.491471	0.01680913218636	0.165290315312593	chr16q
6285B	chr16	NA	Loss	NA	13.999999	1	NA	NA	NA	chr16NA
6285B	chr17	NA	Loss	NA	5.999999	1	NA	NA	NA	chr17NA
6285B	chr18	q	Loss	62092914	47.274362	1	62.092914	0.0161048972512387	0.761348742627863	chr18q
6285B	chr18	NA	Loss	NA	6.999999	1	NA	NA	NA	chr18NA
6285B	chr19	p	Loss	27792923	24	1	27.792923	0.0359803824880168	0.863529179712404	chr19p
6285B	chr19	q	Loss	33914441	33.699999	2	33.914441	0.0589719288016571	0.993676970821958	chr19q
6285B	chr19	NA	Loss	NA	3.999999	1	NA	NA	NA	chr19NA
6285B	chr2	NA	Loss	NA	7.999999	1	NA	NA	NA	chr2NA
6285B	chr20	NA	Loss	NA	6.999999	1	NA	NA	NA	chr20NA
6285B	chr21	NA	Loss	NA	13	1	NA	NA	NA	chr21NA
6285B	chr22	NA	Loss	NA	19	1	NA	NA	NA	chr22NA
6285B	chr4	p	Loss	52452474	3.999999	1	52.452474	0.0190648776643024	0.0762594915923318	chr4p
6285B	chr5	p	Gain	48317879	1.254242	2	48.317879	0.0413925453971189	0.0259581344619866	chr5p
6285B	chr5	p	Loss	48317879	0.003984	1	48.317879	0.0206962726985595	8.24539504310609e-05	chr5p
6285B	chr5	NA	Loss	NA	5.999999	1	NA	NA	NA	chr5NA
6285B	chr6	q	Loss	112454080	109.099997	4	112.45408	0.0355700744695079	0.970173754478272	chr6q
6285B	chr6	NA	Loss	NA	4.999999	1	NA	NA	NA	chr6NA
6285B	chr7	q	Loss	98502993	0.102114	1	98.502993	0.0101519757881875	0.00103665885563498	chr7q
6285B	chr7	NA	Loss	NA	4.999999	1	NA	NA	NA	chr7NA
6285B	chr8	NA	Loss	NA	3.999999	1	NA	NA	NA	chr8NA
6285B	chr9	p	Loss	46267185	37.87182	1	46.267185	0.0216135907122943	0.81854601700968	chr9p
6285B	chr9	NA	Loss	NA	26.999999	1	NA	NA	NA	chr9NA
6285B	chrX	q	Gain	94886001	0.0184	1	94.886001	0.0105389624334574	0.000193916908775616	chrXq
6285B	chrX	NA	Loss	NA	5.999999	1	NA	NA	NA	chrXNA
6298B	chr1	NA	Loss	NA	30.999999	1	NA	NA	NA	chr1NA
6298B	chr10	NA	Loss	NA	3.999999	1	NA	NA	NA	chr10NA
6298B	chr11	NA	Loss	NA	3.999999	1	NA	NA	NA	chr11NA
6298B	chr12	p	Gain	35911664	33	1	35.911664	0.0278461059337156	0.918921495812614	chr12p
6298B	chr12	NA	Loss	NA	4.999999	1	NA	NA	NA	chr12NA
6298B	chr13	NA	Loss	NA	19	1	NA	NA	NA	chr13NA
6298B	chr14	q	Gain	89761231	0.071767	1	89.761231	0.0111406671773474	0.000799532261316693	chr14q
6298B	chr14	q	Loss	89761231	0.697194	3	89.761231	0.0334220015320423	0.00776720631204356	chr14q
6298B	chr15	NA	Loss	NA	21	1	NA	NA	NA	chr15NA
6298B	chr16	q	Loss	59491471	11.214461	1	59.491471	0.01680913218636	0.188505357347778	chr16q
6298B	chr16	NA	Loss	NA	13.999999	1	NA	NA	NA	chr16NA
6298B	chr17	NA	Loss	NA	5.999999	1	NA	NA	NA	chr17NA
6298B	chr18	NA	Loss	NA	6.999999	1	NA	NA	NA	chr18NA
6298B	chr19	NA	Loss	NA	3.999999	1	NA	NA	NA	chr19NA
6298B	chr2	NA	Loss	NA	7.999999	1	NA	NA	NA	chr2NA
6298B	chr20	NA	Loss	NA	6.999999	1	NA	NA	NA	chr20NA
6298B	chr21	NA	Loss	NA	13	1	NA	NA	NA	chr21NA
6298B	chr22	NA	Loss	NA	19	1	NA	NA	NA	chr22NA
6298B	chr3	p	Loss	94076514	6.999999	1	94.076514	0.0106296455670115	0.0744075083394353	chr3p
6298B	chr4	p	Loss	52452474	3.999999	1	52.452474	0.0190648776643024	0.0762594915923318	chr4p
6298B	chr4	NA	Loss	NA	5.653108	1	NA	NA	NA	chr4NA
6298B	chr5	p	Loss	48317879	11.76979	2	48.317879	0.0413925453971189	0.243590783444778	chr5p
6298B	chr5	NA	Loss	NA	5.999999	1	NA	NA	NA	chr5NA
6298B	chr6	NA	Loss	NA	4.999999	1	NA	NA	NA	chr6NA
6298B	chr7	q	Gain	98502993	54.047837	2	98.502993	0.0203039515763749	0.548692332627903	chr7q
6298B	chr7	NA	Loss	NA	4.999999	1	NA	NA	NA	chr7NA
6298B	chr8	NA	Loss	NA	3.999999	1	NA	NA	NA	chr8NA
6298B	chr9	p	Gain	46267185	0.295341	1	46.267185	0.0216135907122943	0.0063833794945597	chr9p
6298B	chr9	NA	Loss	NA	26.999999	1	NA	NA	NA	chr9NA
6298B	chrX	p	Loss	59373565	57.999999	2	59.373565	0.0336850246401745	0.976865697722547	chrXp
6298B	chrX	q	Loss	94886001	90.25	1	94.886001	0.0105389624334574	0.951141359619529	chrXq
6298B	chrX	NA	Loss	NA	5.999999	1	NA	NA	NA	chrXNA
6314E	chr1	NA	Loss	NA	30.999999	1	NA	NA	NA	chr1NA
6314E	chr10	NA	Loss	NA	3.999999	1	NA	NA	NA	chr10NA
6314E	chr11	NA	Loss	NA	3.999999	1	NA	NA	NA	chr11NA
6314E	chr12	NA	Loss	NA	4.999999	1	NA	NA	NA	chr12NA
6314E	chr13	q	Gain	97043744	0.040149	1	97.043744	0.0103046312805079	0.000413720641281111	chr13q
6314E	chr13	NA	Loss	NA	19	1	NA	NA	NA	chr13NA
6314E	chr15	NA	Loss	NA	21	1	NA	NA	NA	chr15NA
6314E	chr16	q	Loss	59491471	8.949029	1	59.491471	0.01680913218636	0.150425411400569	chr16q
6314E	chr16	NA	Loss	NA	13.999999	1	NA	NA	NA	chr16NA
6314E	chr17	NA	Loss	NA	5.999999	1	NA	NA	NA	chr17NA
6314E	chr18	NA	Loss	NA	6.999999	1	NA	NA	NA	chr18NA
6314E	chr19	NA	Loss	NA	3.999999	1	NA	NA	NA	chr19NA
6314E	chr2	NA	Loss	NA	7.999999	1	NA	NA	NA	chr2NA
6314E	chr20	NA	Loss	NA	6.999999	1	NA	NA	NA	chr20NA
6314E	chr21	NA	Loss	NA	13	1	NA	NA	NA	chr21NA
6314E	chr22	NA	Loss	NA	19	1	NA	NA	NA	chr22NA
6314E	chr4	p	Loss	52452474	3.999999	1	52.452474	0.0190648776643024	0.0762594915923318	chr4p
6314E	chr5	NA	Loss	NA	5.999999	1	NA	NA	NA	chr5NA
6314E	chr6	NA	Loss	NA	4.999999	1	NA	NA	NA	chr6NA
6314E	chr7	NA	Loss	NA	4.999999	1	NA	NA	NA	chr7NA
6314E	chr8	NA	Loss	NA	3.999999	1	NA	NA	NA	chr8NA
6314E	chr9	NA	Loss	NA	26.999999	1	NA	NA	NA	chr9NA
6314E	chrX	p	Loss	59373565	57.999999	2	59.373565	0.0336850246401745	0.976865697722547	chrXp
6314E	chrX	q	Loss	94886001	90.249998	3	94.886001	0.0316168873003722	0.951141338541604	chrXq
6314E	chrX	NA	Loss	NA	5.999999	1	NA	NA	NA	chrXNA
6324B	chr1	NA	Loss	NA	30.999999	1	NA	NA	NA	chr1NA
6324B	chr10	NA	Loss	NA	3.999999	1	NA	NA	NA	chr10NA
6324B	chr11	q	Gain	82384456	8.415194	1	82.384456	0.0121382120918538	0.102145409566096	chr11q
6324B	chr11	NA	Loss	NA	3.999999	1	NA	NA	NA	chr11NA
6324B	chr12	NA	Loss	NA	4.999999	1	NA	NA	NA	chr12NA
6324B	chr13	q	Loss	97043744	0.182349	1	97.043744	0.0103046312805079	0.00187903920936933	chr13q
6324B	chr13	NA	Loss	NA	19	1	NA	NA	NA	chr13NA
6324B	chr14	NA	Loss	NA	20	1	NA	NA	NA	chr14NA
6324B	chr15	q	Gain	82566565	0.03063	1	82.566565	0.0121114400241793	0.000370973407940611	chr15q
6324B	chr15	q	Loss	82566565	1.227279	2	82.566565	0.0242228800483586	0.0148641160014347	chr15q
6324B	chr15	NA	Loss	NA	21	1	NA	NA	NA	chr15NA
6324B	chr16	q	Loss	59491471	7.976577	1	59.491471	0.01680913218636	0.134079337187679	chr16q
6324B	chr16	NA	Loss	NA	13.999999	1	NA	NA	NA	chr16NA
6324B	chr17	p	Loss	25689679	21.999998	3	25.689679	0.116778415175993	0.856374966771675	chr17p
6324B	chr17	NA	Loss	NA	5.999999	1	NA	NA	NA	chr17NA
6324B	chr18	NA	Loss	NA	6.999999	1	NA	NA	NA	chr18NA
6324B	chr19	p	Loss	27792923	0.122204	1	27.792923	0.0359803824880168	0.00439694666156561	chr19p
6324B	chr19	NA	Loss	NA	3.999999	1	NA	NA	NA	chr19NA
6324B	chr2	p	Gain	93503283	0.299486	1	93.503283	0.0106948116463462	0.00320294636071762	chr2p
6324B	chr2	NA	Loss	NA	7.999999	1	NA	NA	NA	chr2NA
6324B	chr20	q	Loss	38197502	2.19451	1	38.197502	0.0261797224331581	0.0574516626767897	chr20q
6324B	chr20	NA	Loss	NA	6.999999	1	NA	NA	NA	chr20NA
6324B	chr21	NA	Loss	NA	13	1	NA	NA	NA	chr21NA
6324B	chr22	NA	Loss	NA	19	1	NA	NA	NA	chr22NA
6324B	chr3	p	Loss	94076514	6.999999	1	94.076514	0.0106296455670115	0.0744075083394353	chr3p
6324B	chr4	p	Loss	52452474	3.999999	1	52.452474	0.0190648776643024	0.0762594915923318	chr4p
6324B	chr5	q	Gain	133727560	0.024958	1	133.72756	0.00747789012227547	0.000186633181671751	chr5q
6324B	chr5	q	Loss	133727560	44.313928	5	133.72756	0.0373894506113773	0.331374684470426	chr5q
6324B	chr5	NA	Loss	NA	5.999999	1	NA	NA	NA	chr5NA
6324B	chr6	NA	Loss	NA	4.999999	1	NA	NA	NA	chr6NA
6324B	chr7	p	Gain	62064435	0.051446	1	62.064435	0.0161122871738057	0.00082891272594361	chr7p
6324B	chr7	q	Gain	98502993	84.951917	2	98.502993	0.0203039515763749	0.862429804544112	chr7q
6324B	chr7	NA	Loss	NA	4.999999	1	NA	NA	NA	chr7NA
6324B	chr8	NA	Loss	NA	3.999999	1	NA	NA	NA	chr8NA
6324B	chr9	NA	Loss	NA	26.999999	1	NA	NA	NA	chr9NA
6324B	chrX	p	Loss	59373565	57.999999	2	59.373565	0.0336850246401745	0.976865697722547	chrXp
6324B	chrX	q	Loss	94886001	90.249998	3	94.886001	0.0316168873003722	0.951141338541604	chrXq
6324B	chrX	NA	Loss	NA	5.999999	1	NA	NA	NA	chrXNA
6365A	chr1	p	Gain	124048267	0.127085	1	124.048267	0.00806137823755329	0.00102448025331946	chr1p
6365A	chr1	NA	Loss	NA	30.999999	1	NA	NA	NA	chr1NA
6365A	chr10	q	Gain	94108943	0.01095	1	94.108943	0.0106259826975211	0.000116354510537856	chr10q
6365A	chr10	q	Loss	94108943	10.292541	1	94.108943	0.0106259826975211	0.109368362579527	chr10q
6365A	chr10	NA	Loss	NA	3.999999	1	NA	NA	NA	chr10NA
6365A	chr11	q	Gain	82384456	17.533297	47	82.384456	0.57049596831713	0.212822877655465	chr11q
6365A	chr11	q	Loss	82384456	0.87298	14	82.384456	0.169934969285954	0.0105964163919466	chr11q
6365A	chr11	NA	Loss	NA	3.999999	1	NA	NA	NA	chr11NA
6365A	chr12	NA	Loss	NA	4.999999	1	NA	NA	NA	chr12NA
6365A	chr13	NA	Loss	NA	19	1	NA	NA	NA	chr13NA
6365A	chr14	q	Loss	89761231	44.611608	3	89.761231	0.0334220015320423	0.49700307697429	chr14q
6365A	chr14	NA	Loss	NA	20	1	NA	NA	NA	chr14NA
6365A	chr15	q	Gain	82566565	60.54019	24	82.566565	0.290674560580303	0.733228880237418	chr15q
6365A	chr15	q	Loss	82566565	0.492057	8	82.566565	0.0968915201934342	0.00595951884397758	chr15q
6365A	chr15	NA	Loss	NA	21	1	NA	NA	NA	chr15NA
6365A	chr16	NA	Loss	NA	13.999999	1	NA	NA	NA	chr16NA
6365A	chr17	p	Loss	25689679	1.801724	1	25.689679	0.0389261383919978	0.0701341577681839	chr17p
6365A	chr17	NA	Loss	NA	5.999999	1	NA	NA	NA	chr17NA
6365A	chr18	NA	Loss	NA	6.999999	1	NA	NA	NA	chr18NA
6365A	chr19	q	Loss	33914441	33.7	1	33.914441	0.0294859644008285	0.993677000307922	chr19q
6365A	chr19	NA	Loss	NA	3.999999	1	NA	NA	NA	chr19NA
6365A	chr2	NA	Loss	NA	7.999999	1	NA	NA	NA	chr2NA
6365A	chr20	p	Gain	28012753	0.03468	1	28.012753	0.0356980265381271	0.00123800756034225	chr20p
6365A	chr20	p	Loss	28012753	0.244954	1	28.012753	0.0356980265381271	0.00874437439262039	chr20p
6365A	chr20	q	Loss	38197502	0.030067	1	38.197502	0.0261797224331581	0.000787145714397764	chr20q
6365A	chr20	NA	Loss	NA	6.999999	1	NA	NA	NA	chr20NA
6365A	chr21	q	Loss	33956153	18.168481	2	33.956153	0.0588994872298991	0.535057107323082	chr21q
6365A	chr21	NA	Loss	NA	13	1	NA	NA	NA	chr21NA
6365A	chr22	NA	Loss	NA	19	1	NA	NA	NA	chr22NA
6365A	chr3	p	Loss	94076514	57.457879	4	94.076514	0.0425185822680462	0.610756888802236	chr3p
6365A	chr4	p	Loss	52452474	3.999999	1	52.452474	0.0190648776643024	0.0762594915923318	chr4p
6365A	chr4	q	Loss	141122471	0.087619	1	141.122471	0.00708604372439029	0.000620872065087352	chr4q
6365A	chr5	NA	Loss	NA	5.999999	1	NA	NA	NA	chr5NA
6365A	chr6	q	Loss	112454080	109.1	1	112.45408	0.00889251861737698	0.970173781155828	chr6q
6365A	chr6	NA	Loss	NA	4.999999	1	NA	NA	NA	chr6NA
6365A	chr7	q	Gain	98502993	97.549998	3	98.502993	0.0304559273645624	0.990325217833736	chr7q
6365A	chr7	NA	Loss	NA	4.999999	1	NA	NA	NA	chr7NA
6365A	chr8	NA	Loss	NA	3.999999	1	NA	NA	NA	chr8NA
6365A	chr9	p	Loss	46267185	37.907023	8	46.267185	0.172908725698354	0.819306880243525	chr9p
6365A	chr9	q	Gain	104350062	0.026224	1	104.350062	0.00958312799085831	0.000251307948432268	chr9q
6365A	chr9	NA	Loss	NA	26.999999	1	NA	NA	NA	chr9NA
6365A	chrX	p	Loss	59373565	58	1	59.373565	0.0168425123200872	0.976865714565059	chrXp
6365A	chrX	q	Gain	94886001	90.202355	5	94.886001	0.0526948121672869	0.950639230754387	chrXq
6365A	chrX	q	Loss	94886001	0.04764	1	94.886001	0.0105389624334574	0.00050207617032991	chrXq
6365A	chrX	NA	Loss	NA	5.999999	1	NA	NA	NA	chrXNA
6414C	chr1	q	Loss	124339061	61.777974	7	124.339061	0.0562976746301792	0.496850897080524	chr1q
6414C	chr1	NA	Loss	NA	30.999999	1	NA	NA	NA	chr1NA
6414C	chr10	q	Gain	94108943	2.003519	6	94.108943	0.0637558961851266	0.0212893582281548	chr10q
6414C	chr10	q	Loss	94108943	67.733514	36	94.108943	0.38253537711076	0.719735147806304	chr10q
6414C	chr10	NA	Loss	NA	3.999999	1	NA	NA	NA	chr10NA
6414C	chr11	NA	Loss	NA	3.999999	1	NA	NA	NA	chr11NA
6414C	chr12	NA	Loss	NA	4.999999	1	NA	NA	NA	chr12NA
6414C	chr13	NA	Loss	NA	19	1	NA	NA	NA	chr13NA
6414C	chr15	q	Gain	82566565	8.37925	1	82.566565	0.0121114400241793	0.101484783822604	chr15q
6414C	chr15	NA	Loss	NA	21	1	NA	NA	NA	chr15NA
6414C	chr16	NA	Loss	NA	13.999999	1	NA	NA	NA	chr16NA
6414C	chr17	q	Gain	58587218	5.221016	1	58.587218	0.017068569461687	0.0891152742565793	chr17q
6414C	chr17	NA	Loss	NA	5.999999	1	NA	NA	NA	chr17NA
6414C	chr18	q	Loss	62092914	45.445632	3	62.092914	0.0483146917537161	0.731897233877605	chr18q
6414C	chr18	NA	Loss	NA	6.999999	1	NA	NA	NA	chr18NA
6414C	chr19	q	Loss	33914441	15.932452	3	33.914441	0.0884578932024856	0.46978371248991	chr19q
6414C	chr19	NA	Loss	NA	3.999999	1	NA	NA	NA	chr19NA
6414C	chr2	q	Loss	149193469	10.423701	2	149.193469	0.0134054125385341	0.0698670060416653	chr2q
6414C	chr2	NA	Loss	NA	7.999999	1	NA	NA	NA	chr2NA
6414C	chr20	NA	Loss	NA	6.999999	1	NA	NA	NA	chr20NA
6414C	chr21	NA	Loss	NA	13	1	NA	NA	NA	chr21NA
6414C	chr22	NA	Loss	NA	19	1	NA	NA	NA	chr22NA
6414C	chr3	p	Gain	94076514	0.441139	2	94.076514	0.0212592911340231	0.00468915121578591	chr3p
6414C	chr3	p	Loss	94076514	0.3126	1	94.076514	0.0106296455670115	0.00332282720424781	chr3p
6414C	chr3	q	Gain	107029434	0.120757	1	107.029434	0.0093432242199842	0.00112825972713263	chr3q
6414C	chr3	q	Loss	107029434	0.233557	1	107.029434	0.0093432242199842	0.00218217541914685	chr3q
6414C	chr4	p	Loss	52452474	3.999999	1	52.452474	0.0190648776643024	0.0762594915923318	chr4p
6414C	chr4	q	Loss	141122471	58.178509	3	141.122471	0.0212581311731709	0.412255458593834	chr4q
6414C	chr5	q	Loss	133727560	12.3573	2	133.72756	0.0149557802445509	0.0924065316079946	chr5q
6414C	chr5	NA	Loss	NA	5.999999	1	NA	NA	NA	chr5NA
6414C	chr6	p	Loss	59672548	16.592038	1	59.672548	0.0167581246907707	0.278051441678006	chr6p
6414C	chr6	q	Loss	112454080	62.095211	4	112.45408	0.0355700744695079	0.552182819867452	chr6q
6414C	chr6	NA	Loss	NA	4.999999	1	NA	NA	NA	chr6NA
6414C	chr7	q	Gain	98502993	0.44883	1	98.502993	0.0101519757881875	0.00455651129301218	chr7q
6414C	chr7	NA	Loss	NA	4.999999	1	NA	NA	NA	chr7NA
6414C	chr8	q	Gain	100988875	58.164626	17	100.988875	0.168335373574565	0.575950826266755	chr8q
6414C	chr9	p	Loss	46267185	22.939507	2	46.267185	0.0432271814245885	0.495805115439809	chr9p
6414C	chr9	NA	Loss	NA	26.999999	1	NA	NA	NA	chr9NA
6414C	chrX	p	Loss	59373565	8.682527	4	59.373565	0.0673700492803489	0.14623556796699	chrXp
6414C	chrX	q	Loss	94886001	3.144265	2	94.886001	0.0210779248669148	0.0331372907158349	chrXq
6414C	chrX	NA	Loss	NA	5.999999	1	NA	NA	NA	chrXNA
6423A	chr1	NA	Loss	NA	30.999999	1	NA	NA	NA	chr1NA
6423A	chr10	NA	Loss	NA	3.999999	1	NA	NA	NA	chr10NA
6423A	chr11	NA	Loss	NA	3.999999	1	NA	NA	NA	chr11NA
6423A	chr12	NA	Loss	NA	4.999999	1	NA	NA	NA	chr12NA
6423A	chr13	NA	Loss	NA	19	1	NA	NA	NA	chr13NA
6423A	chr14	NA	Loss	NA	20	1	NA	NA	NA	chr14NA
6423A	chr15	NA	Loss	NA	21	1	NA	NA	NA	chr15NA
6423A	chr16	p	Loss	36838903	32	1	36.838903	0.0271452165663022	0.86864693012167	chr16p
6423A	chr16	q	Loss	59491471	50.299998	3	59.491471	0.0504273965590799	0.845499315355642	chr16q
6423A	chr16	NA	Loss	NA	13.999999	1	NA	NA	NA	chr16NA
6423A	chr17	p	Loss	25689679	2.531721	1	25.689679	0.0389261383919978	0.0985501220159271	chr17p
6423A	chr17	NA	Loss	NA	5.999999	1	NA	NA	NA	chr17NA
6423A	chr18	NA	Loss	NA	6.999999	1	NA	NA	NA	chr18NA
6423A	chr19	p	Loss	27792923	24	1	27.792923	0.0359803824880168	0.863529179712404	chr19p
6423A	chr19	q	Loss	33914441	33.7	1	33.914441	0.0294859644008285	0.993677000307922	chr19q
6423A	chr19	NA	Loss	NA	3.999999	1	NA	NA	NA	chr19NA
6423A	chr2	NA	Loss	NA	7.999999	1	NA	NA	NA	chr2NA
6423A	chr20	q	Loss	38197502	11.235206	1	38.197502	0.0261797224331581	0.294134574559352	chr20q
6423A	chr20	NA	Loss	NA	6.999999	1	NA	NA	NA	chr20NA
6423A	chr21	NA	Loss	NA	13	1	NA	NA	NA	chr21NA
6423A	chr22	NA	Loss	NA	19	1	NA	NA	NA	chr22NA
6423A	chr3	p	Loss	94076514	6.999999	1	94.076514	0.0106296455670115	0.0744075083394353	chr3p
6423A	chr4	p	Loss	52452474	3.999999	1	52.452474	0.0190648776643024	0.0762594915923318	chr4p
6423A	chr5	NA	Loss	NA	5.999999	1	NA	NA	NA	chr5NA
6423A	chr6	NA	Loss	NA	4.999999	1	NA	NA	NA	chr6NA
6423A	chr7	p	Gain	62064435	50.062391	2	62.064435	0.0322245743476115	0.806619620399348	chr7p
6423A	chr7	q	Gain	98502993	97.549999	2	98.502993	0.0203039515763749	0.990325227985712	chr7q
6423A	chr7	NA	Loss	NA	4.999999	1	NA	NA	NA	chr7NA
6423A	chr8	p	Gain	45270456	43	1	45.270456	0.0220894616126685	0.949846849344747	chr8p
6423A	chr8	q	Gain	100988875	99.249999	2	100.988875	0.0198041615970076	0.982781509349421	chr8q
6423A	chr8	NA	Loss	NA	3.999999	1	NA	NA	NA	chr8NA
6423A	chr9	NA	Loss	NA	26.999999	1	NA	NA	NA	chr9NA
6423A	chrX	p	Loss	59373565	58	1	59.373565	0.0168425123200872	0.976865714565059	chrXp
6423A	chrX	q	Loss	94886001	90.249999	2	94.886001	0.0210779248669148	0.951141349080567	chrXq
6423A	chrX	NA	Loss	NA	5.999999	1	NA	NA	NA	chrXNA
6436B	chr1	NA	Loss	NA	30.999999	1	NA	NA	NA	chr1NA
6436B	chr10	p	Gain	40649191	23.189959	14	40.649191	0.344410298350095	0.570490049851177	chr10p
6436B	chr10	p	Loss	40649191	0.893548	1	40.649191	0.0246007355964354	0.0219819380907236	chr10p
6436B	chr10	NA	Loss	NA	3.999999	1	NA	NA	NA	chr10NA
6436B	chr11	NA	Loss	NA	3.999999	1	NA	NA	NA	chr11NA
6436B	chr12	NA	Loss	NA	4.999999	1	NA	NA	NA	chr12NA
6436B	chr13	q	Gain	97043744	0.056512	1	97.043744	0.0103046312805079	0.000582335322924062	chr13q
6436B	chr13	NA	Loss	NA	19	1	NA	NA	NA	chr13NA
6436B	chr15	NA	Loss	NA	21	1	NA	NA	NA	chr15NA
6436B	chr16	NA	Loss	NA	13.999999	1	NA	NA	NA	chr16NA
6436B	chr17	NA	Loss	NA	5.999999	1	NA	NA	NA	chr17NA
6436B	chr18	NA	Loss	NA	6.999999	1	NA	NA	NA	chr18NA
6436B	chr19	NA	Loss	NA	3.999999	1	NA	NA	NA	chr19NA
6436B	chr2	NA	Loss	NA	7.999999	1	NA	NA	NA	chr2NA
6436B	chr20	NA	Loss	NA	6.999999	1	NA	NA	NA	chr20NA
6436B	chr21	NA	Loss	NA	13	1	NA	NA	NA	chr21NA
6436B	chr22	NA	Loss	NA	19	1	NA	NA	NA	chr22NA
6436B	chr3	q	Gain	107029434	32.765535	1	107.029434	0.0093432242199842	0.30613574019274	chr3q
6436B	chr4	p	Loss	52452474	3.999999	1	52.452474	0.0190648776643024	0.0762594915923318	chr4p
6436B	chr5	NA	Loss	NA	5.999999	1	NA	NA	NA	chr5NA
6436B	chr6	NA	Loss	NA	4.999999	1	NA	NA	NA	chr6NA
6436B	chr7	NA	Loss	NA	4.999999	1	NA	NA	NA	chr7NA
6436B	chr8	q	Gain	100988875	11.506761	1	100.988875	0.0099020807985038	0.113940877151072	chr8q
6436B	chr8	q	Loss	100988875	0.005228	1	100.988875	0.0099020807985038	5.17680784145778e-05	chr8q
6436B	chr8	NA	Loss	NA	3.999999	1	NA	NA	NA	chr8NA
6436B	chr9	NA	Loss	NA	26.999999	1	NA	NA	NA	chr9NA
6436B	chrX	p	Loss	59373565	57.999999	2	59.373565	0.0336850246401745	0.976865697722547	chrXp
6436B	chrX	q	Loss	94886001	90.249998	3	94.886001	0.0316168873003722	0.951141338541604	chrXq
6436B	chrX	NA	Loss	NA	5.999999	1	NA	NA	NA	chrXNA
6439C	chr1	q	Loss	124339061	0.505068	1	124.339061	0.00804252494716845	0.00406202199001648	chr1q
6439C	chr1	NA	Loss	NA	30.999999	1	NA	NA	NA	chr1NA
6439C	chr10	q	Loss	94108943	0.015794	1	94.108943	0.0106259826975211	0.000167826770724648	chr10q
6439C	chr10	NA	Loss	NA	3.999999	1	NA	NA	NA	chr10NA
6439C	chr11	p	Loss	52743313	48.841314	3	52.743313	0.05687924837031	0.926019076579433	chr11p
6439C	chr11	q	Gain	82384456	0.004642	1	82.384456	0.0121382120918538	5.63455805303855e-05	chr11q
6439C	chr11	q	Loss	82384456	0.23836	1	82.384456	0.0121382120918538	0.00289326423421428	chr11q
6439C	chr11	NA	Loss	NA	3.999999	1	NA	NA	NA	chr11NA
6439C	chr12	q	Gain	97412884	0.937837	5	97.412884	0.0513279126403854	0.00962744312138423	chr12q
6439C	chr12	q	Loss	97412884	80.444212	135	97.412884	1.38585364129041	0.825806697192129	chr12q
6439C	chr12	NA	Loss	NA	4.999999	1	NA	NA	NA	chr12NA
6439C	chr13	q	Loss	97043744	50.728359	13	97.043744	0.133960206646603	0.522737034960234	chr13q
6439C	chr13	NA	Loss	NA	19	1	NA	NA	NA	chr13NA
6439C	chr15	NA	Loss	NA	21	1	NA	NA	NA	chr15NA
6439C	chr16	NA	Loss	NA	13.999999	1	NA	NA	NA	chr16NA
6439C	chr17	NA	Loss	NA	5.999999	1	NA	NA	NA	chr17NA
6439C	chr18	NA	Loss	NA	6.999999	1	NA	NA	NA	chr18NA
6439C	chr19	NA	Loss	NA	3.999999	1	NA	NA	NA	chr19NA
6439C	chr2	NA	Loss	NA	7.999999	1	NA	NA	NA	chr2NA
6439C	chr20	q	Loss	38197502	0.071282	1	38.197502	0.0261797224331581	0.00186614297448037	chr20q
6439C	chr20	NA	Loss	NA	6.999999	1	NA	NA	NA	chr20NA
6439C	chr21	q	Loss	33956153	0.232267	1	33.956153	0.0294497436149496	0.00684020360021349	chr21q
6439C	chr21	NA	Loss	NA	13	1	NA	NA	NA	chr21NA
6439C	chr22	q	Loss	37075304	0.106245	1	37.075304	0.0269721321772574	0.00286565418317271	chr22q
6439C	chr22	NA	Loss	NA	19	1	NA	NA	NA	chr22NA
6439C	chr3	p	Gain	94076514	0.04455	1	94.076514	0.0106296455670115	0.000473550710010365	chr3p
6439C	chr4	p	Loss	52452474	3.999999	1	52.452474	0.0190648776643024	0.0762594915923318	chr4p
6439C	chr5	NA	Loss	NA	5.999999	1	NA	NA	NA	chr5NA
6439C	chr6	q	Loss	112454080	2.594047	3	112.45408	0.0266775558521309	0.0230676112418509	chr6q
6439C	chr6	NA	Loss	NA	4.999999	1	NA	NA	NA	chr6NA
6439C	chr7	NA	Loss	NA	4.999999	1	NA	NA	NA	chr7NA
6439C	chr8	q	Gain	100988875	79.759742	2	100.988875	0.0198041615970076	0.789787409751817	chr8q
6439C	chr8	NA	Loss	NA	3.999999	1	NA	NA	NA	chr8NA
6439C	chr9	q	Loss	104350062	34.96454	1	104.350062	0.00958312799085831	0.335069661961485	chr9q
6439C	chr9	NA	Loss	NA	26.999999	1	NA	NA	NA	chr9NA
6439C	chrX	p	Loss	59373565	57.999999	2	59.373565	0.0336850246401745	0.976865697722547	chrXp
6439C	chrX	q	Loss	94886001	90.25	1	94.886001	0.0105389624334574	0.951141359619529	chrXq
6439C	chrX	NA	Loss	NA	5.999999	1	NA	NA	NA	chrXNA
6478A	chr1	NA	Loss	NA	30.999999	1	NA	NA	NA	chr1NA
6478A	chr10	p	Gain	40649191	23.059458	9	40.649191	0.221406620367918	0.567279629255106	chr10p
6478A	chr10	NA	Loss	NA	3.999999	1	NA	NA	NA	chr10NA
6478A	chr11	p	Loss	52743313	50.999997	4	52.743313	0.07583899782708	0.966947165416022	chr11p
6478A	chr11	q	Gain	82384456	74.154958	1	82.384456	0.0121382120918538	0.900108607866513	chr11q
6478A	chr11	NA	Loss	NA	3.999999	1	NA	NA	NA	chr11NA
6478A	chr12	p	Gain	35911664	30.685225	5	35.911664	0.139230529668578	0.854464025949897	chr12p
6478A	chr12	p	Loss	35911664	0.149053	1	35.911664	0.0278461059337156	0.00415054562773811	chr12p
6478A	chr12	NA	Loss	NA	4.999999	1	NA	NA	NA	chr12NA
6478A	chr13	NA	Loss	NA	19	1	NA	NA	NA	chr13NA
6478A	chr14	q	Loss	89761231	66.346319	1	89.761231	0.0111406671773474	0.739142258421122	chr14q
6478A	chr15	NA	Loss	NA	21	1	NA	NA	NA	chr15NA
6478A	chr16	NA	Loss	NA	13.999999	1	NA	NA	NA	chr16NA
6478A	chr17	NA	Loss	NA	5.999999	1	NA	NA	NA	chr17NA
6478A	chr18	NA	Loss	NA	6.999999	1	NA	NA	NA	chr18NA
6478A	chr19	NA	Loss	NA	3.999999	1	NA	NA	NA	chr19NA
6478A	chr2	NA	Loss	NA	7.999999	1	NA	NA	NA	chr2NA
6478A	chr20	NA	Loss	NA	6.999999	1	NA	NA	NA	chr20NA
6478A	chr21	NA	Loss	NA	13	1	NA	NA	NA	chr21NA
6478A	chr22	NA	Loss	NA	19	1	NA	NA	NA	chr22NA
6478A	chr4	p	Loss	52452474	3.999999	1	52.452474	0.0190648776643024	0.0762594915923318	chr4p
6478A	chr5	NA	Loss	NA	5.999999	1	NA	NA	NA	chr5NA
6478A	chr6	NA	Loss	NA	4.999999	1	NA	NA	NA	chr6NA
6478A	chr7	q	Loss	98502993	1.097445	1	98.502993	0.0101519757881875	0.0111412350688674	chr7q
6478A	chr7	NA	Loss	NA	4.999999	1	NA	NA	NA	chr7NA
6478A	chr8	q	Loss	100988875	0.005384	1	100.988875	0.0099020807985038	5.33128030191444e-05	chr8q
6478A	chr8	NA	Loss	NA	3.999999	1	NA	NA	NA	chr8NA
6478A	chr9	q	Loss	104350062	16.291744	1	104.350062	0.00958312799085831	0.156125867946298	chr9q
6478A	chr9	NA	Loss	NA	26.999999	1	NA	NA	NA	chr9NA
6478A	chrX	p	Loss	59373565	57.999996	5	59.373565	0.0842125616004362	0.97686564719501	chrXp
6478A	chrX	q	Loss	94886001	90.249998	3	94.886001	0.0316168873003722	0.951141338541604	chrXq
6478A	chrX	NA	Loss	NA	5.999999	1	NA	NA	NA	chrXNA
6483C	chr1	NA	Loss	NA	30.999999	1	NA	NA	NA	chr1NA
6483C	chr10	q	Gain	94108943	0.19038	1	94.108943	0.0106259826975211	0.00202297458595407	chr10q
6483C	chr10	q	Loss	94108943	0.04692	2	94.108943	0.0212519653950422	0.00049857110816769	chr10q
6483C	chr10	NA	Loss	NA	3.999999	1	NA	NA	NA	chr10NA
6483C	chr11	p	Gain	52743313	0.217205	2	52.743313	0.03791949891354	0.00411815238075773	chr11p
6483C	chr11	p	Loss	52743313	14.16528	3	52.743313	0.05687924837031	0.268570159784995	chr11p
6483C	chr11	NA	Loss	NA	3.999999	1	NA	NA	NA	chr11NA
6483C	chr12	q	Gain	97412884	0.398544	2	97.412884	0.0205311650561542	0.00409128632306995	chr12q
6483C	chr12	NA	Loss	NA	4.999999	1	NA	NA	NA	chr12NA
6483C	chr13	NA	Loss	NA	19	1	NA	NA	NA	chr13NA
6483C	chr15	NA	Loss	NA	21	1	NA	NA	NA	chr15NA
6483C	chr16	NA	Loss	NA	13.999999	1	NA	NA	NA	chr16NA
6483C	chr17	p	Loss	25689679	22	1	25.689679	0.0389261383919978	0.856375044623952	chr17p
6483C	chr17	NA	Loss	NA	5.999999	1	NA	NA	NA	chr17NA
6483C	chr18	NA	Loss	NA	6.999999	1	NA	NA	NA	chr18NA
6483C	chr19	p	Gain	27792923	2.357999	1	27.792923	0.0359803824880168	0.0848417059263612	chr19p
6483C	chr19	NA	Loss	NA	3.999999	1	NA	NA	NA	chr19NA
6483C	chr2	p	Gain	93503283	0.445638	1	93.503283	0.0106948116463462	0.00476601447245441	chr2p
6483C	chr2	q	Gain	149193469	1.748008	1	149.193469	0.00670270626926705	0.011716384180329	chr2q
6483C	chr2	NA	Loss	NA	7.999999	1	NA	NA	NA	chr2NA
6483C	chr20	NA	Loss	NA	6.999999	1	NA	NA	NA	chr20NA
6483C	chr21	q	Loss	33956153	16.204233	4	33.956153	0.117798974459798	0.477210507326905	chr21q
6483C	chr21	NA	Loss	NA	13	1	NA	NA	NA	chr21NA
6483C	chr3	NA	Loss	NA	4.423569	1	NA	NA	NA	chr3NA
6483C	chr4	p	Loss	52452474	3.999999	1	52.452474	0.0190648776643024	0.0762594915923318	chr4p
6483C	chr5	NA	Loss	NA	5.999999	1	NA	NA	NA	chr5NA
6483C	chr6	NA	Loss	NA	4.999999	1	NA	NA	NA	chr6NA
6483C	chr7	NA	Loss	NA	4.999999	1	NA	NA	NA	chr7NA
6483C	chr8	q	Gain	100988875	33.531624	10	100.988875	0.099020807985038	0.332032850153049	chr8q
6483C	chr9	p	Gain	46267185	0.109117	1	46.267185	0.0216135907122943	0.00235841017775341	chr9p
6483C	chr9	p	Loss	46267185	0.033191	1	46.267185	0.0216135907122943	0.000717376689331759	chr9p
6483C	chr9	NA	Loss	NA	26.999999	1	NA	NA	NA	chr9NA
6483C	chrX	p	Loss	59373565	57.999997	4	59.373565	0.0673700492803489	0.976865664037522	chrXp
6483C	chrX	NA	Loss	NA	5.999999	1	NA	NA	NA	chrXNA
6500D	chr1	NA	Loss	NA	30.999999	1	NA	NA	NA	chr1NA
6500D	chr10	NA	Loss	NA	3.999999	1	NA	NA	NA	chr10NA
6500D	chr11	NA	Loss	NA	3.999999	1	NA	NA	NA	chr11NA
6500D	chr12	NA	Loss	NA	4.999999	1	NA	NA	NA	chr12NA
6500D	chr13	NA	Loss	NA	19	1	NA	NA	NA	chr13NA
6500D	chr14	q	Loss	89761231	0.429389	1	89.761231	0.0111406671773474	0.00478367993861403	chr14q
6500D	chr15	NA	Loss	NA	21	1	NA	NA	NA	chr15NA
6500D	chr16	p	Loss	36838903	0.337902	1	36.838903	0.0271452165663022	0.00917242296818665	chr16p
6500D	chr16	q	Loss	59491471	3.419635	1	59.491471	0.01680913218636	0.057481096744103	chr16q
6500D	chr16	NA	Loss	NA	13.999999	1	NA	NA	NA	chr16NA
6500D	chr17	q	Loss	58587218	1.580485	1	58.587218	0.017068569461687	0.0269766180056544	chr17q
6500D	chr17	NA	Loss	NA	5.999999	1	NA	NA	NA	chr17NA
6500D	chr18	NA	Loss	NA	6.999999	1	NA	NA	NA	chr18NA
6500D	chr19	p	Loss	27792923	14.675501	2	27.792923	0.0719607649760337	0.528030139183273	chr19p
6500D	chr19	NA	Loss	NA	3.999999	1	NA	NA	NA	chr19NA
6500D	chr2	q	Gain	149193469	0.156121	1	149.193469	0.00670270626926705	0.00104643320546424	chr2q
6500D	chr2	NA	Loss	NA	7.999999	1	NA	NA	NA	chr2NA
6500D	chr20	NA	Loss	NA	6.999999	1	NA	NA	NA	chr20NA
6500D	chr21	NA	Loss	NA	13	1	NA	NA	NA	chr21NA
6500D	chr22	NA	Loss	NA	19	1	NA	NA	NA	chr22NA
6500D	chr3	p	Gain	94076514	0.031263	1	94.076514	0.0106296455670115	0.000332314609361482	chr3p
6500D	chr3	p	Loss	94076514	0.275273	2	94.076514	0.0212592911340231	0.00292605442416797	chr3p
6500D	chr3	q	Gain	107029434	0.087848	2	107.029434	0.0186864484399684	0.000820783561277172	chr3q
6500D	chr4	p	Loss	52452474	3.999999	1	52.452474	0.0190648776643024	0.0762594915923318	chr4p
6500D	chr4	q	Loss	141122471	7.995316	1	141.122471	0.00708604372439029	0.0566551587663172	chr4q
6500D	chr5	q	Loss	133727560	129.999989	12	133.72756	0.0897346814673056	0.972125633639019	chr5q
6500D	chr5	NA	Loss	NA	5.999999	1	NA	NA	NA	chr5NA
6500D	chr6	NA	Loss	NA	4.999999	1	NA	NA	NA	chr6NA
6500D	chr7	p	Gain	62064435	57.999999	2	62.064435	0.0322245743476115	0.934512639968446	chr7p
6500D	chr7	NA	Loss	NA	4.999999	1	NA	NA	NA	chr7NA
6500D	chr8	p	Loss	45270456	0.074494	1	45.270456	0.0220894616126685	0.00164553235337413	chr8p
6500D	chr8	q	Gain	100988875	9.427985	4	100.988875	0.0396083231940152	0.0933566692370818	chr8q
6500D	chr8	NA	Loss	NA	3.999999	1	NA	NA	NA	chr8NA
6500D	chr9	q	Loss	104350062	0.194307	1	104.350062	0.00958312799085831	0.00186206885051971	chr9q
6500D	chr9	NA	Loss	NA	26.999999	1	NA	NA	NA	chr9NA
6500D	chrX	p	Loss	59373565	57.999995	6	59.373565	0.101055073920523	0.976865630352498	chrXp
6500D	chrX	q	Loss	94886001	90.249993	8	94.886001	0.0843116994676591	0.951141285846792	chrXq
6500D	chrX	NA	Loss	NA	5.999999	1	NA	NA	NA	chrXNA
6605D	chr1	NA	Loss	NA	30.999999	1	NA	NA	NA	chr1NA
6605D	chr10	p	Gain	40649191	38	1	40.649191	0.0246007355964354	0.934827952664544	chr10p
6605D	chr10	q	Loss	94108943	1.760381	1	94.108943	0.0106259826975211	0.0187057780470449	chr10q
6605D	chr10	NA	Loss	NA	3.999999	1	NA	NA	NA	chr10NA
6605D	chr11	p	Loss	52743313	12.579026	3	52.743313	0.05687924837031	0.238495181370196	chr11p
6605D	chr11	NA	Loss	NA	3.999999	1	NA	NA	NA	chr11NA
6605D	chr12	p	Gain	35911664	32.999999	2	35.911664	0.0556922118674311	0.918921467966508	chr12p
6605D	chr12	q	Loss	97412884	14.528192	1	97.412884	0.0102655825280771	0.149140353959749	chr12q
6605D	chr12	NA	Gain	NA	4.999999	1	NA	NA	NA	chr12NA
6605D	chr13	NA	Loss	NA	19	1	NA	NA	NA	chr13NA
6605D	chr14	NA	Loss	NA	20	1	NA	NA	NA	chr14NA
6605D	chr15	NA	Loss	NA	21	1	NA	NA	NA	chr15NA
6605D	chr16	NA	Loss	NA	13.999999	1	NA	NA	NA	chr16NA
6605D	chr17	NA	Loss	NA	5.999999	1	NA	NA	NA	chr17NA
6605D	chr18	NA	Loss	NA	6.999999	1	NA	NA	NA	chr18NA
6605D	chr19	NA	Loss	NA	3.999999	1	NA	NA	NA	chr19NA
6605D	chr2	NA	Loss	NA	7.999999	1	NA	NA	NA	chr2NA
6605D	chr20	NA	Loss	NA	6.999999	1	NA	NA	NA	chr20NA
6605D	chr21	NA	Loss	NA	13	1	NA	NA	NA	chr21NA
6605D	chr22	NA	Loss	NA	19	1	NA	NA	NA	chr22NA
6605D	chr4	p	Loss	52452474	3.999999	1	52.452474	0.0190648776643024	0.0762594915923318	chr4p
6605D	chr5	p	Loss	48317879	0.110942	1	48.317879	0.0206962726985595	0.00229608588572358	chr5p
6605D	chr5	NA	Loss	NA	5.999999	1	NA	NA	NA	chr5NA
6605D	chr6	NA	Loss	NA	4.999999	1	NA	NA	NA	chr6NA
6605D	chr7	NA	Loss	NA	4.999999	1	NA	NA	NA	chr7NA
6605D	chr8	q	Gain	100988875	40.444686	7	100.988875	0.0693145655895266	0.400486548642115	chr8q
6605D	chr8	NA	Loss	NA	3.999999	1	NA	NA	NA	chr8NA
6605D	chr9	p	Loss	46267185	5.215908	1	46.267185	0.0216135907122943	0.112734500704981	chr9p
6605D	chr9	q	Gain	104350062	0.70409	1	104.350062	0.00958312799085831	0.00674738458708343	chr9q
6605D	chr9	NA	Loss	NA	26.999999	1	NA	NA	NA	chr9NA
6605D	chrX	q	Gain	94886001	0.10494	1	94.886001	0.0105389624334574	0.00110595871776702	chrXq
6605D	chrX	NA	Loss	NA	5.999999	1	NA	NA	NA	chrXNA
