ID	chrom	Arm	Gain_Loss	Arm_Length	total_cnv_length	segment_count
2436A	chr1	q	Gain	124339061	200152	1
2436A	chr10	q	Loss	94108943	17220193	2
2436A	chr15	q	Gain	82566565	1602465	1
2436A	chr18	q	Loss	62092914	200356	1
2436A	chr19	q	Loss	33914441	7012181	1
2436A	chr2	p	Loss	93503283	200081	1
2436A	chr5	q	Gain	133727560	400101	1
2436A	chr9	p	Gain	46267185	3200369	1
2436A	chr9	q	Gain	104350062	200024	1
3188	chr1	p	Loss	124048267	45634430	2
3188	chr1	q	Gain	124339061	1000751	1
3188	chr10	q	Loss	94108943	41648868	7
3188	chr11	p	Gain	52743313	1401331	1
3188	chr11	q	Gain	82384456	55252168	4
3188	chr12	q	Loss	97412884	82877426	8
3188	chr12	NA	Loss	NA	48245073	1
3188	chr14	q	Gain	89761231	5208313	2
3188	chr14	q	Loss	89761231	11418199	6
3188	chr15	q	Gain	82566565	2003081	1
3188	chr2	q	Loss	149193469	1400561	1
3188	chr20	q	Gain	38197502	1400218	1
3188	chr22	q	Gain	37075304	1603905	1
3188	chr4	q	Gain	141122471	6205612	1
3188	chr5	p	Gain	48317879	1200301	1
3188	chr5	p	Loss	48317879	6001502	2
3188	chr5	q	Loss	133727560	31607862	9
3188	chr6	p	Gain	59672548	55240785	13
3188	chr6	q	Loss	112454080	13810144	1
3188	chr6	NA	Loss	NA	99473060	1
3188	chr7	q	Gain	98502993	4404577	1
3188	chr8	q	Gain	100988875	97239374	8
3188	chr8	NA	Gain	NA	46819074	1
3188	chr9	p	Loss	46267185	5600645	1
3188	chr9	q	Gain	104350062	71808190	2
3188	chr9	NA	Gain	NA	8000921	1
3988	chr10	p	Gain	40649191	32237838	3
3988	chr10	q	Gain	94108943	600706	1
3988	chr11	p	Loss	52743313	12411761	3
3988	chr12	p	Gain	35911664	33431237	3
3988	chr14	q	Gain	89761231	400641	1
3988	chr15	q	Gain	82566565	2003081	1
3988	chr19	q	Loss	33914441	8013921	1
3988	chr2	p	Loss	93503283	11004402	2
3988	chr2	q	Loss	149193469	10404109	1
3988	chr5	q	Gain	133727560	400101	1
3988	chr7	q	Gain	98502993	9409820	2
3988	chr8	p	Gain	45270456	17207053	1
3988	chr8	q	Gain	100988875	33413530	3
6265D	chr1	q	Gain	124339061	400303	1
6265D	chr10	q	Gain	94108943	1401646	1
6265D	chr11	p	Loss	52743313	10209691	1
6265D	chr12	q	Gain	97412884	12611784	3
6265D	chr13	q	Gain	97043744	1201766	2
6265D	chr13	q	Loss	97043744	15823227	1
6265D	chr14	q	Gain	89761231	32251523	3
6265D	chr14	q	Loss	89761231	47676055	1
6265D	chr15	q	Gain	82566565	801233	1
6265D	chr17	q	Loss	58587218	9408555	1
6265D	chr18	q	Loss	62092914	35863388	3
6265D	chr19	q	Loss	33914441	17830973	1
6265D	chr2	p	Gain	93503283	200081	1
6265D	chr21	q	Loss	33956153	6012091	1
6265D	chr3	p	Gain	94076514	1200637	1
6265D	chr3	p	Loss	94076514	5202759	3
6265D	chr3	q	Gain	107029434	5602941	1
6265D	chr4	q	Gain	141122471	1201087	1
6265D	chr5	q	Gain	133727560	5201307	7
6265D	chr5	q	Loss	133727560	1800451	1
6265D	chr6	p	Loss	59672548	8406175	1
6265D	chr6	q	Loss	112454080	78457626	2
6265D	chr6	NA	Loss	NA	31222933	1
6265D	chr9	p	Gain	46267185	3400392	1
6265D	chr9	p	Loss	46267185	35804118	1
6266D	chr1	q	Gain	124339061	11608759	1
6266D	chr10	p	Gain	40649191	34039957	7
6266D	chr10	q	Gain	94108943	600706	1
6266D	chr11	p	Loss	52743313	15014251	1
6266D	chr12	p	Gain	35911664	24022449	4
6266D	chr12	p	Loss	35911664	800749	1
6266D	chr14	q	Gain	89761231	801281	1
6266D	chr15	q	Gain	82566565	1602465	1
6266D	chr22	q	Gain	37075304	601465	1
6266D	chr6	q	Loss	112454080	200148	1
6266D	chr9	p	Loss	46267185	400047	1
6269C	chr1	p	Gain	124048267	54641228	5
6269C	chr1	q	Gain	124339061	24418425	3
6269C	chr10	p	Gain	40649191	2803291	1
6269C	chr11	p	Gain	52743313	3403231	1
6269C	chr11	q	Gain	82384456	57053871	6
6269C	chr12	q	Gain	97412884	24422817	3
6269C	chr13	q	Gain	97043744	45066154	4
6269C	chr14	q	Gain	89761231	801281	1
6269C	chr15	q	Gain	82566565	1602465	1
6269C	chr17	q	Gain	58587218	7406760	2
6269C	chr19	p	Loss	27792923	19634203	1
6269C	chr19	q	Loss	33914441	6611485	1
6269C	chr21	NA	Loss	NA	5811688	1
6269C	chr5	NA	Loss	NA	4801201	1
6269C	chr7	p	Gain	62064435	45247239	5
6269C	chr7	q	Gain	98502993	58260728	7
6269C	chr8	p	Gain	45270456	39416078	2
6269C	chr8	q	Gain	100988875	80632657	14
6277A	chr1	p	Loss	124048267	18614044	1
6277A	chr1	q	Gain	124339061	22016611	1
6277A	chr1	q	Loss	124339061	4803625	1
6277A	chr10	p	Gain	40649191	17220213	3
6277A	chr10	p	Loss	40649191	8409872	2
6277A	chr10	q	Gain	94108943	200236	1
6277A	chr11	p	Loss	52743313	9809311	1
6277A	chr11	q	Gain	82384456	21220037	3
6277A	chr12	p	Gain	35911664	24222636	4
6277A	chr13	q	Gain	97043744	32848209	2
6277A	chr13	q	Loss	97043744	48871740	4
6277A	chr14	q	Loss	89761231	56490135	1
6277A	chr15	q	Gain	82566565	1602465	1
6277A	chr16	q	Gain	59491471	2202982	1
6277A	chr17	q	Gain	58587218	1801649	2
6277A	chr18	p	Loss	18449624	12221656	1
6277A	chr18	q	Gain	62092914	2804971	1
6277A	chr18	q	Loss	62092914	28049572	1
6277A	chr19	p	Gain	27792923	3405935	2
6277A	chr19	q	Loss	33914441	23040021	1
6277A	chr2	p	Gain	93503283	16806721	1
6277A	chr2	p	Loss	93503283	200081	1
6277A	chr2	q	Gain	149193469	37814945	3
6277A	chr2	NA	Gain	NA	68027201	1
6277A	chr20	p	Gain	28012753	20003101	1
6277A	chr21	q	Loss	33956153	10420957	1
6277A	chr3	p	Gain	94076514	65034427	6
6277A	chr3	q	Loss	107029434	76240008	3
6277A	chr4	q	Gain	141122471	6205610	2
6277A	chr4	NA	Gain	NA	46441993	1
6277A	chr5	p	Loss	48317879	5001251	1
6277A	chr5	q	Loss	133727560	42810644	3
6277A	chr5	NA	Gain	NA	14203551	1
6277A	chr6	p	Gain	59672548	57042104	5
6277A	chr6	q	Gain	112454080	13609999	3
6277A	chr6	q	Loss	112454080	95069830	5
6277A	chr7	p	Gain	62064435	42244100	1
6277A	chr7	q	Gain	98502993	38640278	5
6277A	chr8	p	Gain	45270456	36614930	1
6277A	chr8	q	Gain	100988875	68627786	3
6277A	chr9	p	Gain	46267185	39804579	2
6277A	chr9	p	Loss	46267185	2000232	2
6277A	chr9	q	Loss	104350062	9201060	2
6277A	chr9	NA	Gain	NA	34403957	1
6285B	chr10	q	Gain	94108943	1201411	1
6285B	chr13	q	Loss	97043744	17425572	3
6285B	chr14	q	Gain	89761231	1402241	1
6285B	chr14	q	Loss	89761231	40865195	4
6285B	chr15	q	Gain	82566565	2003081	1
6285B	chr17	q	Gain	58587218	200184	1
6285B	chr18	q	Loss	62092914	17030095	3
6285B	chr19	p	Loss	27792923	22238741	2
6285B	chr19	q	Loss	33914441	30653273	2
6285B	chr19	NA	Loss	NA	7412914	1
6285B	chr5	p	Gain	48317879	800201	1
6285B	chr6	q	Loss	112454080	22216318	1
6285B	chr9	p	Loss	46267185	37604325	1
6298B	chr10	q	Gain	94108943	400471	1
6298B	chr12	p	Gain	35911664	33231050	3
6298B	chr14	q	Gain	89761231	801281	1
6298B	chr15	q	Gain	82566565	1602465	1
6298B	chr17	q	Gain	58587218	200184	1
6298B	chr20	q	Loss	38197502	600094	1
6298B	chr5	q	Gain	133727560	600151	1
6298B	chr7	q	Gain	98502993	51253342	1
6314E	chr1	p	Gain	124048267	21816462	3
6314E	chr1	p	Loss	124048267	1601209	1
6314E	chr1	q	Gain	124339061	14210722	1
6314E	chr10	q	Gain	94108943	27031729	4
6314E	chr11	p	Gain	52743313	19218219	5
6314E	chr11	p	Loss	52743313	4003802	2
6314E	chr12	q	Gain	97412884	12411596	2
6314E	chr12	q	Loss	97412884	5605238	2
6314E	chr13	q	Gain	97043744	57284089	5
6314E	chr14	q	Gain	89761231	30248311	6
6314E	chr15	q	Gain	82566565	8212621	3
6314E	chr15	q	Loss	82566565	400617	1
6314E	chr16	p	Loss	36838903	4405971	2
6314E	chr16	q	Gain	59491471	6008131	1
6314E	chr18	p	Gain	18449624	3806747	2
6314E	chr18	q	Gain	62092914	40671971	4
6314E	chr19	p	Loss	27792923	19233506	2
6314E	chr19	q	Loss	33914441	8013922	2
6314E	chr2	p	Gain	93503283	22408964	4
6314E	chr2	q	Gain	149193469	72028706	9
6314E	chr22	q	Loss	37075304	2806833	1
6314E	chr3	p	Gain	94076514	21411346	4
6314E	chr3	q	Gain	107029434	1800946	1
6314E	chr4	p	Gain	52452474	16014482	2
6314E	chr5	p	Gain	48317879	13803451	1
6314E	chr5	q	Gain	133727560	62215555	5
6314E	chr6	q	Gain	112454080	44432637	3
6314E	chr6	NA	Gain	NA	29421610	1
6314E	chr7	p	Gain	62064435	12012541	1
6314E	chr7	p	Loss	62064435	4805018	2
6314E	chr7	q	Gain	98502993	44045927	3
6314E	chr7	q	Loss	98502993	3203345	1
6314E	chr8	q	Gain	100988875	3001216	1
6314E	chr9	p	Loss	46267185	400047	1
6314E	chr9	q	Gain	104350062	5200600	2
6324B	chr1	q	Loss	124339061	400303	1
6324B	chr11	q	Gain	82384456	8007561	1
6324B	chr14	q	Gain	89761231	400641	1
6324B	chr15	q	Gain	82566565	2003081	1
6324B	chr17	p	Gain	25689679	800733	1
6324B	chr17	q	Gain	58587218	200184	1
6324B	chr21	q	Loss	33956153	9819748	1
6324B	chr7	q	Gain	98502993	86690314	5
6324B	chr9	q	Loss	104350062	200024	1
6365A	chr1	q	Loss	124339061	1200907	1
6365A	chr10	q	Loss	94108943	3403996	1
6365A	chr11	q	Gain	82384456	14413610	2
6365A	chr14	q	Gain	89761231	801281	1
6365A	chr14	q	Loss	89761231	41466139	4
6365A	chr15	q	Gain	82566565	57888830	4
6365A	chr19	q	Loss	33914441	31254320	2
6365A	chr4	q	Loss	141122471	600541	1
6365A	chr5	q	Gain	133727560	600151	1
6365A	chr6	q	Loss	112454080	100874089	1
6365A	chr7	q	Gain	98502993	58460841	1
6365A	chr9	p	Loss	46267185	3000346	1
6365A	chr9	q	Gain	104350062	2000231	1
6414C	chr1	q	Loss	124339061	60645699	6
6414C	chr10	q	Gain	94108943	1601881	1
6414C	chr10	q	Loss	94108943	2402818	2
6414C	chr14	q	Gain	89761231	801281	1
6414C	chr15	q	Gain	82566565	9013827	4
6414C	chr17	q	Gain	58587218	21019126	1
6414C	chr18	p	Gain	18449624	1402486	1
6414C	chr18	q	Loss	62092914	46081545	1
6414C	chr19	q	Loss	33914441	21036566	3
6414C	chr2	q	Loss	149193469	10003951	1
6414C	chr20	q	Loss	38197502	600094	1
6414C	chr4	q	Loss	141122471	52847707	2
6414C	chr5	p	Loss	48317879	200051	1
6414C	chr5	q	Loss	133727560	11802900	2
6414C	chr6	p	Loss	59672548	16211989	1
6414C	chr6	q	Loss	112454080	66048514	4
6414C	chr8	q	Gain	100988875	63825848	9
6414C	chr9	p	Loss	46267185	24602830	1
6414C	chr9	q	Gain	104350062	200024	1
6423A	chr1	p	Gain	124048267	60245457	6
6423A	chr1	q	Gain	124339061	48036245	5
6423A	chr10	p	Gain	40649191	10211987	2
6423A	chr11	p	Gain	52743313	33031327	4
6423A	chr11	q	Gain	82384456	48445744	6
6423A	chr12	p	Gain	35911664	17015898	3
6423A	chr12	q	Gain	97412884	40838152	4
6423A	chr13	q	Gain	97043744	51275269	5
6423A	chr14	q	Gain	89761231	801281	1
6423A	chr14	q	Loss	89761231	1201922	2
6423A	chr15	q	Gain	82566565	1602465	1
6423A	chr15	q	Loss	82566565	801229	1
6423A	chr16	p	Loss	36838903	8010864	2
6423A	chr16	q	Loss	59491471	4205692	1
6423A	chr16	NA	Loss	NA	2603524	1
6423A	chr17	q	Gain	58587218	10609674	3
6423A	chr19	p	Loss	27792923	19433854	1
6423A	chr19	q	Loss	33914441	24041767	2
6423A	chr21	q	Gain	33956153	2204434	1
6423A	chr21	NA	Gain	NA	23647555	1
6423A	chr22	q	Gain	37075304	1202929	1
6423A	chr3	p	Loss	94076514	3201697	1
6423A	chr4	p	Loss	52452474	1601449	1
6423A	chr5	p	Loss	48317879	1000251	1
6423A	chr5	q	Loss	133727560	2400602	2
6423A	chr7	p	Gain	62064435	48050168	8
6423A	chr7	q	Gain	98502993	76279473	14
6423A	chr8	p	Gain	45270456	34814209	8
6423A	chr8	q	Gain	100988875	92837598	14
6423A	chr8	NA	Gain	NA	10404213	1
6423A	chr9	q	Loss	104350062	3600401	3
6436B	chr10	p	Gain	40649191	16619511	6
6436B	chr11	q	Gain	82384456	1000946	1
6436B	chr14	q	Gain	89761231	400641	1
6436B	chr17	q	Loss	58587218	1601457	1
6436B	chr21	q	Loss	33956153	4008061	1
6436B	chr3	q	Gain	107029434	56829830	10
6436B	chr4	p	Gain	52452474	26824256	2
6436B	chr5	q	Loss	133727560	400101	1
6436B	chr8	q	Gain	100988875	25410290	3
6436B	chr9	q	Gain	104350062	200024	1
6439C	chr1	q	Loss	124339061	400303	1
6439C	chr11	p	Loss	52743313	44842530	3
6439C	chr12	q	Loss	97412884	10009352	2
6439C	chr14	q	Gain	89761231	801281	1
6439C	chr15	q	Gain	82566565	1602465	1
6439C	chr8	q	Gain	100988875	82033217	7
6478A	chr10	p	Gain	40649191	20824448	8
6478A	chr11	p	Loss	52743313	49246689	6
6478A	chr11	q	Gain	82384456	57654435	3
6478A	chr12	p	Gain	35911664	30228244	2
6478A	chr14	q	Gain	89761231	400641	1
6478A	chr14	q	Loss	89761231	48877982	5
6478A	chr2	p	Loss	93503283	200081	1
6483C	chr11	p	Gain	52743313	2402281	2
6483C	chr11	p	Loss	52743313	13612921	1
6483C	chr14	q	Gain	89761231	400641	1
6483C	chr15	q	Gain	82566565	2604005	1
6483C	chr17	q	Gain	58587218	3202913	1
6483C	chr19	p	Gain	27792923	801397	1
6483C	chr2	q	Gain	149193469	1600641	1
6483C	chr21	q	Gain	33956153	6012091	1
6483C	chr21	q	Loss	33956153	12825796	4
6483C	chr21	NA	Loss	NA	6613300	1
6483C	chr5	q	Gain	133727560	200051	1
6483C	chr8	q	Gain	100988875	41016610	5
6500D	chr14	q	Gain	89761231	400641	1
6500D	chr15	q	Gain	82566565	1602465	1
6500D	chr19	p	Loss	27792923	3806632	1
6500D	chr5	q	Loss	133727560	46211499	7
6500D	chr7	p	Gain	62064435	45247238	4
6500D	chr8	q	Gain	100988875	32813287	3
6605D	chr10	p	Gain	40649191	35842069	4
6605D	chr10	q	Gain	94108943	200236	1
6605D	chr10	q	Loss	94108943	5806797	1
6605D	chr11	p	Loss	52743313	12011402	2
6605D	chr12	p	Gain	35911664	30628618	2
6605D	chr12	q	Loss	97412884	4804489	1
6605D	chr12	NA	Gain	NA	8608042	1
6605D	chr14	q	Gain	89761231	801281	1
6605D	chr15	q	Gain	82566565	1602465	1
6605D	chr18	q	Loss	62092914	400709	1
6605D	chr7	p	Gain	62064435	600628	1
6605D	chr8	q	Gain	100988875	36014586	6
6605D	chr9	p	Loss	46267185	400047	1
6605D	chr9	q	Gain	104350062	400045	1
