ID	chrom	Arm	Gain_Loss	Arm_Length	total_cnv_length	segment_count	arm_length_mb	total_cnv_length_mb	cnv_rate_per_mb	cnv_proportion_per_mb	Chr_Arm
2436A	chr1	q	Gain	124339061	200152	1	124.339061	0.200152	0.00804252494716845	0.00160972745322566	chr1_q
2436A	chr10	q	Loss	94108943	17220193	2	94.108943	17.220193	0.0212519653950422	0.182981472865974	chr10_q
2436A	chr15	q	Gain	82566565	1602465	1	82.566565	1.602465	0.0121114400241793	0.0194081587383464	chr15_q
2436A	chr18	q	Loss	62092914	200356	1	62.092914	0.200356	0.0161048972512387	0.00322671279366918	chr18_q
2436A	chr19	q	Loss	33914441	7012181	1	33.914441	7.012181	0.0294859644008285	0.206760919338166	chr19_q
2436A	chr2	p	Loss	93503283	200081	1	93.503283	0.200081	0.0106948116463462	0.00213982860901258	chr2_p
2436A	chr5	q	Gain	133727560	400101	1	133.72756	0.400101	0.00747789012227547	0.00299191131581254	chr5_q
2436A	chr9	p	Gain	46267185	3200369	1	46.267185	3.200369	0.0216135907122943	0.0691714656943144	chr9_p
2436A	chr9	q	Gain	104350062	200024	1	104.350062	0.200024	0.00958312799085831	0.00191685559324344	chr9_q
3188	chr1	p	Loss	124048267	45634430	2	124.048267	45.63443	0.0161227564751066	0.367876400885149	chr1_p
3188	chr1	q	Gain	124339061	1000751	1	124.339061	1.000751	0.00804252494716845	0.00804856488340377	chr1_q
3188	chr10	q	Loss	94108943	41648868	7	94.108943	41.648868	0.0743818788826477	0.44256015073934	chr10_q
3188	chr11	p	Gain	52743313	1401331	1	52.743313	1.401331	0.01895974945677	0.026568884666005	chr11_p
3188	chr11	q	Gain	82384456	55252168	4	82.384456	55.252168	0.0485528483674153	0.670662533718739	chr11_q
3188	chr12	q	Loss	97412884	82877426	8	97.412884	82.877426	0.0821246602246167	0.850785056317602	chr12_q
3188	chr12	NA	Loss	NA	48245073	1	NA	48.245073	NA	NA	chr12_NA
3188	chr14	q	Gain	89761231	5208313	2	89.761231	5.208313	0.0222813343546948	0.0580240816884519	chr14_q
3188	chr14	q	Loss	89761231	11418199	6	89.761231	11.418199	0.0668440030640845	0.127206354823721	chr14_q
3188	chr15	q	Gain	82566565	2003081	1	82.566565	2.003081	0.0121114400241793	0.0242601953950731	chr15_q
3188	chr2	q	Loss	149193469	1400561	1	149.193469	1.400561	0.00670270626926705	0.00938754899519094	chr2_q
3188	chr20	q	Gain	38197502	1400218	1	38.197502	1.400218	0.0261797224331581	0.0366573185859117	chr20_q
3188	chr22	q	Gain	37075304	1603905	1	37.075304	1.603905	0.0269721321772574	0.043260737659764	chr22_q
3188	chr4	q	Gain	141122471	6205612	1	141.122471	6.205612	0.00708604372439029	0.0439732379686011	chr4_q
3188	chr5	p	Gain	48317879	1200301	1	48.317879	1.200301	0.0206962726985595	0.0248417568163536	chr5_p
3188	chr5	p	Loss	48317879	6001502	2	48.317879	6.001502	0.0413925453971189	0.12420872199295	chr5_p
3188	chr5	q	Loss	133727560	31607862	9	133.72756	31.607862	0.0673010111004792	0.236360119036046	chr5_q
3188	chr6	p	Gain	59672548	55240785	13	59.672548	55.240785	0.217855620980019	0.925731963046056	chr6_p
3188	chr6	q	Loss	112454080	13810144	1	112.45408	13.810144	0.00889251861737698	0.122806962628657	chr6_q
3188	chr6	NA	Loss	NA	99473060	1	NA	99.47306	NA	NA	chr6_NA
3188	chr7	q	Gain	98502993	4404577	1	98.502993	4.404577	0.0101519757881875	0.0447151590612074	chr7_q
3188	chr8	q	Gain	100988875	97239374	8	100.988875	97.239374	0.0792166463880304	0.962872138143929	chr8_q
3188	chr8	NA	Gain	NA	46819074	1	NA	46.819074	NA	NA	chr8_NA
3188	chr9	p	Loss	46267185	5600645	1	46.267185	5.600645	0.0216135907122943	0.121050048754857	chr9_p
3188	chr9	q	Gain	104350062	71808190	2	104.350062	71.80819	0.0191662559817166	0.688147075561872	chr9_q
3188	chr9	NA	Gain	NA	8000921	1	NA	8.000921	NA	NA	chr9_NA
3988	chr10	p	Gain	40649191	32237838	3	40.649191	32.237838	0.0738022067893061	0.793074528838717	chr10_p
3988	chr10	q	Gain	94108943	600706	1	94.108943	0.600706	0.0106259826975211	0.00638309156229711	chr10_q
3988	chr11	p	Loss	52743313	12411761	3	52.743313	12.411761	0.05687924837031	0.235323878877309	chr11_p
3988	chr12	p	Gain	35911664	33431237	3	35.911664	33.431237	0.0835383178011467	0.930929766997152	chr12_p
3988	chr14	q	Gain	89761231	400641	1	89.761231	0.400641	0.0111406671773474	0.00446340803859965	chr14_q
3988	chr15	q	Gain	82566565	2003081	1	82.566565	2.003081	0.0121114400241793	0.0242601953950731	chr15_q
3988	chr19	q	Loss	33914441	8013921	1	33.914441	8.013921	0.0294859644008285	0.236298189317052	chr19_q
3988	chr2	p	Loss	93503283	11004402	2	93.503283	11.004402	0.0213896232926923	0.117690006670675	chr2_p
3988	chr2	q	Loss	149193469	10404109	1	149.193469	10.404109	0.00670270626926705	0.0697356866204378	chr2_q
3988	chr5	q	Gain	133727560	400101	1	133.72756	0.400101	0.00747789012227547	0.00299191131581254	chr5_q
3988	chr7	q	Gain	98502993	9409820	2	98.502993	9.40982	0.0203039515763749	0.0955282648112022	chr7_q
3988	chr8	p	Gain	45270456	17207053	1	45.270456	17.207053	0.0220894616126685	0.380094536710653	chr8_p
3988	chr8	q	Gain	100988875	33413530	3	100.988875	33.41353	0.0297062423955114	0.330863473823231	chr8_q
6265D	chr1	q	Gain	124339061	400303	1	124.339061	0.400303	0.00804252494716845	0.00321944686392637	chr1_q
6265D	chr10	q	Gain	94108943	1401646	1	94.108943	1.401646	0.0106259826975211	0.0148938661440497	chr10_q
6265D	chr11	p	Loss	52743313	10209691	1	52.743313	10.209691	0.01895974945677	0.19357318339104	chr11_p
6265D	chr12	q	Gain	97412884	12611784	3	97.412884	12.611784	0.0307967475842313	0.129467309478282	chr12_q
6265D	chr13	q	Gain	97043744	1201766	2	97.043744	1.201766	0.0206092625610158	0.0123837555154508	chr13_q
6265D	chr13	q	Loss	97043744	15823227	1	97.043744	15.823227	0.0103046312805079	0.163052519902777	chr13_q
6265D	chr14	q	Gain	89761231	32251523	3	89.761231	32.251523	0.0334220015320423	0.359303483705565	chr14_q
6265D	chr14	q	Loss	89761231	47676055	1	89.761231	47.676055	0.0111406671773474	0.531143061083911	chr14_q
6265D	chr15	q	Gain	82566565	801233	1	82.566565	0.801233	0.0121114400241793	0.00970408542489324	chr15_q
6265D	chr17	q	Loss	58587218	9408555	1	58.587218	9.408555	0.017068569461687	0.160590574551603	chr17_q
6265D	chr18	q	Loss	62092914	35863388	3	62.092914	35.863388	0.0483146917537161	0.577576178821306	chr18_q
6265D	chr19	q	Loss	33914441	17830973	1	33.914441	17.830973	0.0294859644008285	0.525763435110135	chr19_q
6265D	chr2	p	Gain	93503283	200081	1	93.503283	0.200081	0.0106948116463462	0.00213982860901258	chr2_p
6265D	chr21	q	Loss	33956153	6012091	1	33.956153	6.012091	0.0294497436149496	0.177054538539746	chr21_q
6265D	chr3	p	Gain	94076514	1200637	1	94.076514	1.200637	0.0106296455670115	0.01276234576464	chr3_p
6265D	chr3	p	Loss	94076514	5202759	3	94.076514	5.202759	0.0318889367010346	0.0553034841405794	chr3_p
6265D	chr3	q	Gain	107029434	5602941	1	107.029434	5.602941	0.0093432242199842	0.0523495340543425	chr3_q
6265D	chr4	q	Gain	141122471	1201087	1	141.122471	1.201087	0.00708604372439029	0.00851095499879675	chr4_q
6265D	chr5	q	Gain	133727560	5201307	7	133.72756	5.201307	0.0523452308559283	0.0388948022382222	chr5_q
6265D	chr5	q	Loss	133727560	1800451	1	133.72756	1.800451	0.00747789012227547	0.013463574748541	chr5_q
6265D	chr6	p	Loss	59672548	8406175	1	59.672548	8.406175	0.0167581246907707	0.140871728822439	chr6_p
6265D	chr6	q	Loss	112454080	78457626	2	112.45408	78.457626	0.017785037234754	0.6976858998802	chr6_q
6265D	chr6	NA	Loss	NA	31222933	1	NA	31.222933	NA	NA	chr6_NA
6265D	chr9	p	Gain	46267185	3400392	1	46.267185	3.400392	0.0216135907122943	0.0734946809493597	chr9_p
6265D	chr9	p	Loss	46267185	35804118	1	46.267185	35.804118	0.0216135907122943	0.773855552266688	chr9_p
6266D	chr1	q	Gain	124339061	11608759	1	124.339061	11.608759	0.00804252494716845	0.0933637338631663	chr1_q
6266D	chr10	p	Gain	40649191	34039957	7	40.649191	34.039957	0.172205149175048	0.837407981871029	chr10_p
6266D	chr10	q	Gain	94108943	600706	1	94.108943	0.600706	0.0106259826975211	0.00638309156229711	chr10_q
6266D	chr11	p	Loss	52743313	15014251	1	52.743313	15.014251	0.01895974945677	0.284666437241058	chr11_p
6266D	chr12	p	Gain	35911664	24022449	4	35.911664	24.022449	0.111384423734862	0.66893165964128	chr12_p
6266D	chr12	p	Loss	35911664	800749	1	35.911664	0.800749	0.0278461059337156	0.0222977414803168	chr12_p
6266D	chr14	q	Gain	89761231	801281	1	89.761231	0.801281	0.0111406671773474	0.00892680493653212	chr14_q
6266D	chr15	q	Gain	82566565	1602465	1	82.566565	1.602465	0.0121114400241793	0.0194081587383464	chr15_q
6266D	chr22	q	Gain	37075304	601465	1	37.075304	0.601465	0.0269721321772574	0.0162227934799941	chr22_q
6266D	chr6	q	Loss	112454080	200148	1	112.45408	0.200148	0.00889251861737698	0.00177981981623077	chr6_q
6266D	chr9	p	Loss	46267185	400047	1	46.267185	0.400047	0.0216135907122943	0.00864645212368118	chr9_p
6269C	chr1	p	Gain	124048267	54641228	5	124.048267	54.641228	0.0403068911877665	0.440483606272388	chr1_p
6269C	chr1	q	Gain	124339061	24418425	3	124.339061	24.418425	0.0241275748415054	0.196385792233062	chr1_q
6269C	chr10	p	Gain	40649191	2803291	1	40.649191	2.803291	0.0246007355964354	0.0689630206908669	chr10_p
6269C	chr11	p	Gain	52743313	3403231	1	52.743313	3.403231	0.01895974945677	0.0645244071035128	chr11_p
6269C	chr11	q	Gain	82384456	57053871	6	82.384456	57.053871	0.072829272551123	0.692531986859269	chr11_q
6269C	chr12	q	Gain	97412884	24422817	3	97.412884	24.422817	0.0307967475842313	0.250714443481624	chr12_q
6269C	chr13	q	Gain	97043744	45066154	4	97.043744	45.066154	0.0412185251220316	0.464390100200586	chr13_q
6269C	chr14	q	Gain	89761231	801281	1	89.761231	0.801281	0.0111406671773474	0.00892680493653212	chr14_q
6269C	chr15	q	Gain	82566565	1602465	1	82.566565	1.602465	0.0121114400241793	0.0194081587383464	chr15_q
6269C	chr17	q	Gain	58587218	7406760	2	58.587218	7.40676	0.034137138923374	0.126422797546045	chr17_q
6269C	chr19	p	Loss	27792923	19634203	1	27.792923	19.634203	0.0359803824880168	0.706446133787367	chr19_p
6269C	chr19	q	Loss	33914441	6611485	1	33.914441	6.611485	0.0294859644008285	0.194946011346612	chr19_q
6269C	chr21	NA	Loss	NA	5811688	1	NA	5.811688	NA	NA	chr21_NA
6269C	chr5	NA	Loss	NA	4801201	1	NA	4.801201	NA	NA	chr5_NA
6269C	chr7	p	Gain	62064435	45247239	5	62.064435	45.247239	0.0805614358690287	0.729036508589823	chr7_p
6269C	chr7	q	Gain	98502993	58260728	7	98.502993	58.260728	0.0710638305173123	0.591461500058176	chr7_q
6269C	chr8	p	Gain	45270456	39416078	2	45.270456	39.416078	0.0441789232253371	0.870679941902949	chr8_p
6269C	chr8	q	Gain	100988875	80632657	14	100.988875	80.632657	0.138629131179053	0.798431084612043	chr8_q
6277A	chr1	p	Loss	124048267	18614044	1	124.048267	18.614044	0.00806137823755329	0.150054849214459	chr1_p
6277A	chr1	q	Gain	124339061	22016611	1	124.339061	22.016611	0.00804252494716845	0.177069143219603	chr1_q
6277A	chr1	q	Loss	124339061	4803625	1	124.339061	4.803625	0.00804252494716845	0.0386332738993421	chr1_q
6277A	chr10	p	Gain	40649191	17220213	3	40.649191	17.220213	0.0738022067893061	0.423629906927299	chr10_p
6277A	chr10	p	Loss	40649191	8409872	2	40.649191	8.409872	0.0492014711928707	0.206889037471865	chr10_p
6277A	chr10	q	Gain	94108943	200236	1	94.108943	0.200236	0.0106259826975211	0.00212770427142084	chr10_q
6277A	chr11	p	Loss	52743313	9809311	1	52.743313	9.809311	0.01895974945677	0.185982078903538	chr11_p
6277A	chr11	q	Gain	82384456	21220037	3	82.384456	21.220037	0.0364146362755615	0.257573309702986	chr11_q
6277A	chr12	p	Gain	35911664	24222636	4	35.911664	24.222636	0.111384423734862	0.674506088049832	chr12_p
6277A	chr13	q	Gain	97043744	32848209	2	97.043744	32.848209	0.0206092625610158	0.338488681970061	chr13_q
6277A	chr13	q	Loss	97043744	48871740	4	97.043744	48.87174	0.0412185251220316	0.503605260736849	chr13_q
6277A	chr14	q	Loss	89761231	56490135	1	89.761231	56.490135	0.0111406671773474	0.629337792838425	chr14_q
6277A	chr15	q	Gain	82566565	1602465	1	82.566565	1.602465	0.0121114400241793	0.0194081587383464	chr15_q
6277A	chr16	q	Gain	59491471	2202982	1	59.491471	2.202982	0.01680913218636	0.0370302156421716	chr16_q
6277A	chr17	q	Gain	58587218	1801649	2	58.587218	1.801649	0.034137138923374	0.030751571102079	chr17_q
6277A	chr18	p	Loss	18449624	12221656	1	18.449624	12.221656	0.0542016466026625	0.662433879411309	chr18_p
6277A	chr18	q	Gain	62092914	2804971	1	62.092914	2.804971	0.0161048972512387	0.0451737697477042	chr18_q
6277A	chr18	q	Loss	62092914	28049572	1	62.092914	28.049572	0.0161048972512387	0.451735475001222	chr18_q
6277A	chr19	p	Gain	27792923	3405935	2	27.792923	3.405935	0.0719607649760337	0.122546844029324	chr19_p
6277A	chr19	q	Loss	33914441	23040021	1	33.914441	23.040021	0.0294859644008285	0.679357239000342	chr19_q
6277A	chr2	p	Gain	93503283	16806721	1	93.503283	16.806721	0.0106948116463462	0.17974471548769	chr2_p
6277A	chr2	p	Loss	93503283	200081	1	93.503283	0.200081	0.0106948116463462	0.00213982860901258	chr2_p
6277A	chr2	q	Gain	149193469	37814945	3	149.193469	37.814945	0.0201081188078012	0.253462468923489	chr2_q
6277A	chr2	NA	Gain	NA	68027201	1	NA	68.027201	NA	NA	chr2_NA
6277A	chr20	p	Gain	28012753	20003101	1	28.012753	20.003101	0.0356980265381271	0.714071230342837	chr20_p
6277A	chr21	q	Loss	33956153	10420957	1	33.956153	10.420957	0.0294497436149496	0.306894511872414	chr21_q
6277A	chr3	p	Gain	94076514	65034427	6	94.076514	65.034427	0.0637778734020693	0.691292908663686	chr3_p
6277A	chr3	q	Loss	107029434	76240008	3	107.029434	76.240008	0.0280296726599526	0.712327489277389	chr3_q
6277A	chr4	q	Gain	141122471	6205610	2	141.122471	6.20561	0.0141720874487806	0.0439732237965136	chr4_q
6277A	chr4	NA	Gain	NA	46441993	1	NA	46.441993	NA	NA	chr4_NA
6277A	chr5	p	Loss	48317879	5001251	1	48.317879	5.001251	0.0206962726985595	0.103507254529943	chr5_p
6277A	chr5	q	Loss	133727560	42810644	3	133.72756	42.810644	0.0224336703668264	0.320133291895852	chr5_q
6277A	chr5	NA	Gain	NA	14203551	1	NA	14.203551	NA	NA	chr5_NA
6277A	chr6	p	Gain	59672548	57042104	5	59.672548	57.042104	0.0837906234538535	0.95591869145591	chr6_p
6277A	chr6	q	Gain	112454080	13609999	3	112.45408	13.609999	0.0266775558521309	0.121027169489982	chr6_q
6277A	chr6	q	Loss	112454080	95069830	5	112.45408	95.06983	0.0444625930868849	0.845410233225864	chr6_q
6277A	chr7	p	Gain	62064435	42244100	1	62.064435	42.2441	0.0161122871738057	0.680649070598967	chr7_p
6277A	chr7	q	Gain	98502993	38640278	5	98.502993	38.640278	0.0507598789409374	0.392275166704833	chr7_q
6277A	chr8	p	Gain	45270456	36614930	1	45.270456	36.61493	0.0220894616126685	0.808804090685545	chr8_p
6277A	chr8	q	Gain	100988875	68627786	3	100.988875	68.627786	0.0297062423955114	0.679557881994428	chr8_q
6277A	chr9	p	Gain	46267185	39804579	2	46.267185	39.804579	0.0432271814245885	0.860319878981183	chr9_p
6277A	chr9	p	Loss	46267185	2000232	2	46.267185	2.000232	0.0432271814245885	0.0432321957776338	chr9_p
6277A	chr9	q	Loss	104350062	9201060	2	104.350062	9.20106	0.0191662559817166	0.0881749356315668	chr9_q
6277A	chr9	NA	Gain	NA	34403957	1	NA	34.403957	NA	NA	chr9_NA
6285B	chr10	q	Gain	94108943	1201411	1	94.108943	1.201411	0.0106259826975211	0.0127661724986115	chr10_q
6285B	chr13	q	Loss	97043744	17425572	3	97.043744	17.425572	0.0309138938415237	0.179564094311942	chr13_q
6285B	chr14	q	Gain	89761231	1402241	1	89.761231	1.402241	0.0111406671773474	0.0156219002834308	chr14_q
6285B	chr14	q	Loss	89761231	40865195	4	89.761231	40.865195	0.0445626687093897	0.455265536632402	chr14_q
6285B	chr15	q	Gain	82566565	2003081	1	82.566565	2.003081	0.0121114400241793	0.0242601953950731	chr15_q
6285B	chr17	q	Gain	58587218	200184	1	58.587218	0.200184	0.017068569461687	0.00341685450911835	chr17_q
6285B	chr18	q	Loss	62092914	17030095	3	62.092914	17.030095	0.0483146917537161	0.274267930153834	chr18_q
6285B	chr19	p	Loss	27792923	22238741	2	27.792923	22.238741	0.0719607649760337	0.800158407231942	chr19_p
6285B	chr19	q	Loss	33914441	30653273	2	33.914441	30.653273	0.0589719288016571	0.903841316446879	chr19_q
6285B	chr19	NA	Loss	NA	7412914	1	NA	7.412914	NA	NA	chr19_NA
6285B	chr5	p	Gain	48317879	800201	1	48.317879	0.800201	0.0206962726985595	0.01656117810966	chr5_p
6285B	chr6	q	Loss	112454080	22216318	1	112.45408	22.216318	0.00889251861737698	0.197559021424567	chr6_q
6285B	chr9	p	Loss	46267185	37604325	1	46.267185	37.604325	0.0216135907122943	0.812764489562095	chr9_p
6298B	chr10	q	Gain	94108943	400471	1	94.108943	0.400471	0.0106259826975211	0.00425539791685898	chr10_q
6298B	chr12	p	Gain	35911664	33231050	3	35.911664	33.23105	0.0835383178011467	0.925355338588599	chr12_p
6298B	chr14	q	Gain	89761231	801281	1	89.761231	0.801281	0.0111406671773474	0.00892680493653212	chr14_q
6298B	chr15	q	Gain	82566565	1602465	1	82.566565	1.602465	0.0121114400241793	0.0194081587383464	chr15_q
6298B	chr17	q	Gain	58587218	200184	1	58.587218	0.200184	0.017068569461687	0.00341685450911835	chr17_q
6298B	chr20	q	Loss	38197502	600094	1	38.197502	0.600094	0.0261797224331581	0.0157102943538036	chr20_q
6298B	chr5	q	Gain	133727560	600151	1	133.72756	0.600151	0.00747789012227547	0.00448786323477374	chr5_q
6298B	chr7	q	Gain	98502993	51253342	1	98.502993	51.253342	0.0101519757881875	0.520322687047692	chr7_q
6314E	chr1	p	Gain	124048267	21816462	3	124.048267	21.816462	0.0241841347126599	0.175870751987208	chr1_p
6314E	chr1	p	Loss	124048267	1601209	1	124.048267	1.601209	0.00806137823755329	0.0129079513863745	chr1_p
6314E	chr1	q	Gain	124339061	14210722	1	124.339061	14.210722	0.00804252494716845	0.114290086202276	chr1_q
6314E	chr10	q	Gain	94108943	27031729	4	94.108943	27.031729	0.0425039307900844	0.28723868463808	chr10_q
6314E	chr11	p	Gain	52743313	19218219	5	52.743313	19.218219	0.09479874728385	0.364372617245337	chr11_p
6314E	chr11	p	Loss	52743313	4003802	2	52.743313	4.003802	0.03791949891354	0.0759110827945146	chr11_p
6314E	chr12	q	Gain	97412884	12411596	2	97.412884	12.411596	0.0205311650561542	0.127412263043151	chr12_q
6314E	chr12	q	Loss	97412884	5605238	2	97.412884	5.605238	0.0205311650561542	0.0575410332785138	chr12_q
6314E	chr13	q	Gain	97043744	57284089	5	97.043744	57.284089	0.0515231564025395	0.590291415384798	chr13_q
6314E	chr14	q	Gain	89761231	30248311	6	89.761231	30.248311	0.0668440030640845	0.336986365527897	chr14_q
6314E	chr15	q	Gain	82566565	8212621	3	82.566565	8.212621	0.0363343200725378	0.0994666666828153	chr15_q
6314E	chr15	q	Loss	82566565	400617	1	82.566565	0.400617	0.0121114400241793	0.00485204876816663	chr15_q
6314E	chr16	p	Loss	36838903	4405971	2	36.838903	4.405971	0.0542904331326044	0.119601036979847	chr16_p
6314E	chr16	q	Gain	59491471	6008131	1	59.491471	6.008131	0.01680913218636	0.100991468171967	chr16_q
6314E	chr18	p	Gain	18449624	3806747	2	18.449624	3.806747	0.108403293205325	0.206331955599746	chr18_p
6314E	chr18	q	Gain	62092914	40671971	4	62.092914	40.671971	0.0644195890049547	0.655017913960359	chr18_q
6314E	chr19	p	Loss	27792923	19233506	2	27.792923	19.233506	0.0719607649760337	0.692028902465566	chr19_p
6314E	chr19	q	Loss	33914441	8013922	2	33.914441	8.013922	0.0589719288016571	0.236298218803017	chr19_q
6314E	chr2	p	Gain	93503283	22408964	4	93.503283	22.408964	0.0427792465853846	0.239659649169752	chr2_p
6314E	chr2	q	Gain	149193469	72028706	9	149.193469	72.028706	0.0603243564234035	0.482787259273394	chr2_q
6314E	chr22	q	Loss	37075304	2806833	1	37.075304	2.806833	0.0269721321772574	0.0757062706754879	chr22_q
6314E	chr3	p	Gain	94076514	21411346	4	94.076514	21.411346	0.0425185822680462	0.22759501909265	chr3_p
6314E	chr3	q	Gain	107029434	1800946	1	107.029434	1.800946	0.0093432242199842	0.0168266422860837	chr3_q
6314E	chr4	p	Gain	52452474	16014482	2	52.452474	16.014482	0.0381297553286047	0.305314140187172	chr4_p
6314E	chr5	p	Gain	48317879	13803451	1	48.317879	13.803451	0.0206962726985595	0.285679986077203	chr5_p
6314E	chr5	q	Gain	133727560	62215555	5	133.72756	62.215555	0.0373894506113773	0.465241084186386	chr5_q
6314E	chr6	q	Gain	112454080	44432637	3	112.45408	44.432637	0.0266775558521309	0.395118051741653	chr6_q
6314E	chr6	NA	Gain	NA	29421610	1	NA	29.42161	NA	NA	chr6_NA
6314E	chr7	p	Gain	62064435	12012541	1	62.064435	12.012541	0.0161122871738057	0.193549510279116	chr7_p
6314E	chr7	p	Loss	62064435	4805018	2	62.064435	4.805018	0.0322245743476115	0.0774198298913057	chr7_p
6314E	chr7	q	Gain	98502993	44045927	3	98.502993	44.045927	0.0304559273645624	0.447153184472273	chr7_q
6314E	chr7	q	Loss	98502993	3203345	1	98.502993	3.203345	0.0101519757881875	0.0325202808812114	chr7_q
6314E	chr8	q	Gain	100988875	3001216	1	100.988875	3.001216	0.0099020807985038	0.0297182833257624	chr8_q
6314E	chr9	p	Loss	46267185	400047	1	46.267185	0.400047	0.0216135907122943	0.00864645212368118	chr9_p
6314E	chr9	q	Gain	104350062	5200600	2	104.350062	5.2006	0.0191662559817166	0.0498380154292577	chr9_q
6324B	chr1	q	Loss	124339061	400303	1	124.339061	0.400303	0.00804252494716845	0.00321944686392637	chr1_q
6324B	chr11	q	Gain	82384456	8007561	1	82.384456	8.007561	0.0121382120918538	0.0971974737564572	chr11_q
6324B	chr14	q	Gain	89761231	400641	1	89.761231	0.400641	0.0111406671773474	0.00446340803859965	chr14_q
6324B	chr15	q	Gain	82566565	2003081	1	82.566565	2.003081	0.0121114400241793	0.0242601953950731	chr15_q
6324B	chr17	p	Gain	25689679	800733	1	25.689679	0.800733	0.0389261383919978	0.0311694435730396	chr17_p
6324B	chr17	q	Gain	58587218	200184	1	58.587218	0.200184	0.017068569461687	0.00341685450911835	chr17_q
6324B	chr21	q	Loss	33956153	9819748	1	33.956153	9.819748	0.0294497436149496	0.289189060963414	chr21_q
6324B	chr7	q	Gain	98502993	86690314	5	98.502993	86.690314	0.0507598789409374	0.880077968798369	chr7_q
6324B	chr9	q	Loss	104350062	200024	1	104.350062	0.200024	0.00958312799085831	0.00191685559324344	chr9_q
6365A	chr1	q	Loss	124339061	1200907	1	124.339061	1.200907	0.00804252494716845	0.00965832450672922	chr1_q
6365A	chr10	q	Loss	94108943	3403996	1	94.108943	3.403996	0.0106259826975211	0.0361708025984311	chr10_q
6365A	chr11	q	Gain	82384456	14413610	2	82.384456	14.41361	0.0242764241837077	0.174955455189265	chr11_q
6365A	chr14	q	Gain	89761231	801281	1	89.761231	0.801281	0.0111406671773474	0.00892680493653212	chr14_q
6365A	chr14	q	Loss	89761231	41466139	4	89.761231	41.466139	0.0445626687093897	0.461960453728626	chr14_q
6365A	chr15	q	Gain	82566565	57888830	4	82.566565	57.88883	0.0484457600967171	0.70111709261491	chr15_q
6365A	chr19	q	Loss	33914441	31254320	2	33.914441	31.25432	0.0589719288016571	0.921563766892104	chr19_q
6365A	chr4	q	Loss	141122471	600541	1	141.122471	0.600541	0.00708604372439029	0.00425545978428907	chr4_q
6365A	chr5	q	Gain	133727560	600151	1	133.72756	0.600151	0.00747789012227547	0.00448786323477374	chr5_q
6365A	chr6	q	Loss	112454080	100874089	1	112.45408	100.874089	0.00889251861737698	0.897024714443442	chr6_q
6365A	chr7	q	Gain	98502993	58460841	1	98.502993	58.460841	0.0101519757881875	0.593493042389077	chr7_q
6365A	chr9	p	Loss	46267185	3000346	1	46.267185	3.000346	0.0216135907122943	0.0648482504392692	chr9_p
6365A	chr9	q	Gain	104350062	2000231	1	104.350062	2.000231	0.00958312799085831	0.0191684696842825	chr9_q
6414C	chr1	q	Loss	124339061	60645699	6	124.339061	60.645699	0.0482551496830107	0.487744547145969	chr1_q
6414C	chr10	q	Gain	94108943	1601881	1	94.108943	1.601881	0.0106259826975211	0.0170215597894878	chr10_q
6414C	chr10	q	Loss	94108943	2402818	2	94.108943	2.402818	0.0212519653950422	0.0255323024932923	chr10_q
6414C	chr14	q	Gain	89761231	801281	1	89.761231	0.801281	0.0111406671773474	0.00892680493653212	chr14_q
6414C	chr15	q	Gain	82566565	9013827	4	82.566565	9.013827	0.0484457600967171	0.109170425098828	chr15_q
6414C	chr17	q	Gain	58587218	21019126	1	58.587218	21.019126	0.017068569461687	0.358766412154952	chr17_q
6414C	chr18	p	Gain	18449624	1402486	1	18.449624	1.402486	0.0542016466026625	0.0760170505371817	chr18_p
6414C	chr18	q	Loss	62092914	46081545	1	62.092914	46.081545	0.0161048972512387	0.742138547403332	chr18_q
6414C	chr19	q	Loss	33914441	21036566	3	33.914441	21.036566	0.0884578932024856	0.62028343619168	chr19_q
6414C	chr2	q	Loss	149193469	10003951	1	149.193469	10.003951	0.00670270626926705	0.0670535450851404	chr2_q
6414C	chr20	q	Loss	38197502	600094	1	38.197502	0.600094	0.0261797224331581	0.0157102943538036	chr20_q
6414C	chr4	q	Loss	141122471	52847707	2	141.122471	52.847707	0.0141720874487806	0.374481162535767	chr4_q
6414C	chr5	p	Loss	48317879	200051	1	48.317879	0.200051	0.0206962726985595	0.00414031004961952	chr5_p
6414C	chr5	q	Loss	133727560	11802900	2	133.72756	11.8029	0.0149557802445509	0.0882607893242051	chr5_q
6414C	chr6	p	Loss	59672548	16211989	1	59.672548	16.211989	0.0167581246907707	0.271682533147403	chr6_p
6414C	chr6	q	Loss	112454080	66048514	4	112.45408	66.048514	0.0355700744695079	0.587337640395084	chr6_q
6414C	chr8	q	Gain	100988875	63825848	9	100.988875	63.825848	0.0891187271865342	0.632008703929022	chr8_q
6414C	chr9	p	Loss	46267185	24602830	1	46.267185	24.60283	0.0216135907122943	0.531755497984154	chr9_p
6414C	chr9	q	Gain	104350062	200024	1	104.350062	0.200024	0.00958312799085831	0.00191685559324344	chr9_q
6423A	chr1	p	Gain	124048267	60245457	6	124.048267	60.245457	0.0483682694253197	0.485661415971253	chr1_p
6423A	chr1	q	Gain	124339061	48036245	5	124.339061	48.036245	0.0402126247358423	0.386332698780796	chr1_q
6423A	chr10	p	Gain	40649191	10211987	2	40.649191	10.211987	0.0492014711928707	0.251222392101235	chr10_p
6423A	chr11	p	Gain	52743313	33031327	4	52.743313	33.031327	0.07583899782708	0.626265684144642	chr11_p
6423A	chr11	q	Gain	82384456	48445744	6	82.384456	48.445744	0.072829272551123	0.588044715619655	chr11_q
6423A	chr12	p	Gain	35911664	17015898	3	35.911664	17.015898	0.0835383178011467	0.473826498265299	chr12_p
6423A	chr12	q	Gain	97412884	40838152	4	97.412884	40.838152	0.0410623301123083	0.419227419650156	chr12_q
6423A	chr13	q	Gain	97043744	51275269	5	97.043744	51.275269	0.0515231564025395	0.528372740853857	chr13_q
6423A	chr14	q	Gain	89761231	801281	1	89.761231	0.801281	0.0111406671773474	0.00892680493653212	chr14_q
6423A	chr14	q	Loss	89761231	1201922	2	89.761231	1.201922	0.0222813343546948	0.0133902129751318	chr14_q
6423A	chr15	q	Gain	82566565	1602465	1	82.566565	1.602465	0.0121114400241793	0.0194081587383464	chr15_q
6423A	chr15	q	Loss	82566565	801229	1	82.566565	0.801229	0.0121114400241793	0.00970403697913314	chr15_q
6423A	chr16	p	Loss	36838903	8010864	2	36.838903	8.010864	0.0542904331326044	0.217456638163194	chr16_p
6423A	chr16	q	Loss	59491471	4205692	1	59.491471	4.205692	0.01680913218636	0.0706940327631166	chr16_q
6423A	chr16	NA	Loss	NA	2603524	1	NA	2.603524	NA	NA	chr16_NA
6423A	chr17	q	Gain	58587218	10609674	3	58.587218	10.609674	0.0512057083850611	0.181091957634855	chr17_q
6423A	chr19	p	Loss	27792923	19433854	1	27.792923	19.433854	0.0359803824880168	0.699237500136276	chr19_p
6423A	chr19	q	Loss	33914441	24041767	2	33.914441	24.041767	0.0589719288016571	0.708894685895015	chr19_q
6423A	chr21	q	Gain	33956153	2204434	1	33.956153	2.204434	0.0294497436149496	0.0649200161160777	chr21_q
6423A	chr21	NA	Gain	NA	23647555	1	NA	23.647555	NA	NA	chr21_NA
6423A	chr22	q	Gain	37075304	1202929	1	37.075304	1.202929	0.0269721321772574	0.0324455599878561	chr22_q
6423A	chr3	p	Loss	94076514	3201697	1	94.076514	3.201697	0.0106296455670115	0.0340329043229642	chr3_p
6423A	chr4	p	Loss	52452474	1601449	1	52.452474	1.601449	0.0190648776643024	0.0305314292706193	chr4_p
6423A	chr5	p	Loss	48317879	1000251	1	48.317879	1.000251	0.0206962726985595	0.0207014674630068	chr5_p
6423A	chr5	q	Loss	133727560	2400602	2	133.72756	2.400602	0.0149557802445509	0.0179514379833147	chr5_q
6423A	chr7	p	Gain	62064435	48050168	8	62.064435	48.050168	0.128898297390446	0.774198105565611	chr7_p
6423A	chr7	q	Gain	98502993	76279473	14	98.502993	76.279473	0.142127661034625	0.7743873630317	chr7_q
6423A	chr8	p	Gain	45270456	34814209	8	45.270456	34.814209	0.176715692901348	0.769027133280919	chr8_p
6423A	chr8	q	Gain	100988875	92837598	14	100.988875	92.837598	0.138629131179053	0.919285396535014	chr8_q
6423A	chr8	NA	Gain	NA	10404213	1	NA	10.404213	NA	NA	chr8_NA
6423A	chr9	q	Loss	104350062	3600401	3	104.350062	3.600401	0.0287493839725749	0.0345031036014143	chr9_q
6436B	chr10	p	Gain	40649191	16619511	6	40.649191	16.619511	0.147604413578612	0.408852195853049	chr10_p
6436B	chr11	q	Gain	82384456	1000946	1	82.384456	1.000946	0.0121382120918538	0.0121496948404927	chr11_q
6436B	chr14	q	Gain	89761231	400641	1	89.761231	0.400641	0.0111406671773474	0.00446340803859965	chr14_q
6436B	chr17	q	Loss	58587218	1601457	1	58.587218	1.601457	0.017068569461687	0.0273345800444049	chr17_q
6436B	chr21	q	Loss	33956153	4008061	1	33.956153	4.008061	0.0294497436149496	0.118036368843078	chr21_q
6436B	chr3	q	Gain	107029434	56829830	10	107.029434	56.82983	0.093432242199842	0.530973844073584	chr3_q
6436B	chr4	p	Gain	52452474	26824256	2	52.452474	26.824256	0.0381297553286047	0.511401159075928	chr4_p
6436B	chr5	q	Loss	133727560	400101	1	133.72756	0.400101	0.00747789012227547	0.00299191131581254	chr5_q
6436B	chr8	q	Gain	100988875	25410290	3	100.988875	25.41029	0.0297062423955114	0.251614744693413	chr8_q
6436B	chr9	q	Gain	104350062	200024	1	104.350062	0.200024	0.00958312799085831	0.00191685559324344	chr9_q
6439C	chr1	q	Loss	124339061	400303	1	124.339061	0.400303	0.00804252494716845	0.00321944686392637	chr1_q
6439C	chr11	p	Loss	52743313	44842530	3	52.743313	44.84253	0.05687924837031	0.850203133807692	chr11_p
6439C	chr12	q	Loss	97412884	10009352	2	97.412884	10.009352	0.0205311650561542	0.102751829008573	chr12_q
6439C	chr14	q	Gain	89761231	801281	1	89.761231	0.801281	0.0111406671773474	0.00892680493653212	chr14_q
6439C	chr15	q	Gain	82566565	1602465	1	82.566565	1.602465	0.0121114400241793	0.0194081587383464	chr15_q
6439C	chr8	q	Gain	100988875	82033217	7	100.988875	82.033217	0.0693145655895266	0.812299542895195	chr8_q
6478A	chr10	p	Gain	40649191	20824448	8	40.649191	20.824448	0.196805884771483	0.512296739189717	chr10_p
6478A	chr11	p	Loss	52743313	49246689	6	52.743313	49.246689	0.11375849674062	0.933704885015471	chr11_p
6478A	chr11	q	Gain	82384456	57654435	3	82.384456	57.654435	0.0364146362755615	0.699821760066001	chr11_q
6478A	chr12	p	Gain	35911664	30228244	2	35.911664	30.228244	0.0556922118674311	0.841738884614202	chr12_p
6478A	chr14	q	Gain	89761231	400641	1	89.761231	0.400641	0.0111406671773474	0.00446340803859965	chr14_q
6478A	chr14	q	Loss	89761231	48877982	5	89.761231	48.877982	0.0557033358867371	0.544533329762378	chr14_q
6478A	chr2	p	Loss	93503283	200081	1	93.503283	0.200081	0.0106948116463462	0.00213982860901258	chr2_p
6483C	chr11	p	Gain	52743313	2402281	2	52.743313	2.402281	0.03791949891354	0.0455466458847589	chr11_p
6483C	chr11	p	Loss	52743313	13612921	1	52.743313	13.612921	0.01895974945677	0.258097571534803	chr11_p
6483C	chr14	q	Gain	89761231	400641	1	89.761231	0.400641	0.0111406671773474	0.00446340803859965	chr14_q
6483C	chr15	q	Gain	82566565	2604005	1	82.566565	2.604005	0.0121114400241793	0.031538250380163	chr15_q
6483C	chr17	q	Gain	58587218	3202913	1	58.587218	3.202913	0.017068569461687	0.0546691430202404	chr17_q
6483C	chr19	p	Gain	27792923	801397	1	27.792923	0.801397	0.0359803824880168	0.0288345705847492	chr19_p
6483C	chr2	q	Gain	149193469	1600641	1	149.193469	1.600641	0.00670270626926705	0.0107286264655459	chr2_q
6483C	chr21	q	Gain	33956153	6012091	1	33.956153	6.012091	0.0294497436149496	0.177054538539746	chr21_q
6483C	chr21	q	Loss	33956153	12825796	4	33.956153	12.825796	0.117798974459798	0.377716403857645	chr21_q
6483C	chr21	NA	Loss	NA	6613300	1	NA	6.6133	NA	NA	chr21_NA
6483C	chr5	q	Gain	133727560	200051	1	133.72756	0.200051	0.00747789012227547	0.00149595939685133	chr5_q
6483C	chr8	q	Gain	100988875	41016610	5	100.988875	41.01661	0.049510403992519	0.406149786300719	chr8_q
6500D	chr14	q	Gain	89761231	400641	1	89.761231	0.400641	0.0111406671773474	0.00446340803859965	chr14_q
6500D	chr15	q	Gain	82566565	1602465	1	82.566565	1.602465	0.0121114400241793	0.0194081587383464	chr15_q
6500D	chr19	p	Loss	27792923	3806632	1	27.792923	3.806632	0.0359803824880168	0.136964075351124	chr19_p
6500D	chr5	q	Loss	133727560	46211499	7	133.72756	46.211499	0.0523452308559283	0.345564511907643	chr5_q
6500D	chr7	p	Gain	62064435	45247238	4	62.064435	45.247238	0.0644491486952229	0.729036492477536	chr7_p
6500D	chr8	q	Gain	100988875	32813287	3	100.988875	32.813287	0.0297062423955114	0.324919819138494	chr8_q
6605D	chr10	p	Gain	40649191	35842069	4	40.649191	35.842069	0.0984029423857414	0.881741262698192	chr10_p
6605D	chr10	q	Gain	94108943	200236	1	94.108943	0.200236	0.0106259826975211	0.00212770427142084	chr10_q
6605D	chr10	q	Loss	94108943	5806797	1	94.108943	5.806797	0.0106259826975211	0.0617029244500175	chr10_q
6605D	chr11	p	Loss	52743313	12011402	2	52.743313	12.011402	0.03791949891354	0.227733172544546	chr11_p
6605D	chr12	p	Gain	35911664	30628618	2	35.911664	30.628618	0.0556922118674311	0.852887741431308	chr12_p
6605D	chr12	q	Loss	97412884	4804489	1	97.412884	4.804489	0.0102655825280771	0.0493208783347386	chr12_q
6605D	chr12	NA	Gain	NA	8608042	1	NA	8.608042	NA	NA	chr12_NA
6605D	chr14	q	Gain	89761231	801281	1	89.761231	0.801281	0.0111406671773474	0.00892680493653212	chr14_q
6605D	chr15	q	Gain	82566565	1602465	1	82.566565	1.602465	0.0121114400241793	0.0194081587383464	chr15_q
6605D	chr18	q	Loss	62092914	400709	1	62.092914	0.400709	0.0161048972512387	0.0064533772726466	chr18_q
6605D	chr7	p	Gain	62064435	600628	1	62.064435	0.600628	0.0161122871738057	0.00967749082062859	chr7_p
6605D	chr8	q	Gain	100988875	36014586	6	100.988875	36.014586	0.0594124847910228	0.356619340496664	chr8_q
6605D	chr9	p	Loss	46267185	400047	1	46.267185	0.400047	0.0216135907122943	0.00864645212368118	chr9_p
6605D	chr9	q	Gain	104350062	400045	1	104.350062	0.400045	0.00958312799085831	0.00383368243710291	chr9_q
