ID	chrom	Arm	Gain_Loss	total_cnv_length	segment_count	Length	arm_length_mb	cnv_rate_per_mb	cnv_proportion_per_mb	arm
2436A	chr1	q	Gain	0.200152	1	124339061	124.339061	0.00804252494716845	0.00160972745322566	chr1q
2436A	chr10	q	Loss	17.220193	2	94108943	94.108943	0.0212519653950422	0.182981472865974	chr10q
2436A	chr10	q	Loss	17.220193	2	94108943	94.108943	0.0212519653950422	0.182981472865974	chr10q
2436A	chr15	q	Gain	1.602465	1	82566565	82.566565	0.0121114400241793	0.0194081587383464	chr15q
2436A	chr18	q	Loss	0.200356	1	62092914	62.092914	0.0161048972512387	0.00322671279366918	chr18q
2436A	chr19	q	Loss	7.012181	1	33914441	33.914441	0.0294859644008285	0.206760919338166	chr19q
2436A	chr2	p	Loss	0.200081	1	93503283	93.503283	0.0106948116463462	0.00213982860901258	chr2p
2436A	chr5	q	Gain	0.400101	1	133727560	133.72756	0.00747789012227547	0.00299191131581254	chr5q
2436A	chr9	p	Gain	3.200369	1	46267185	46.267185	0.0216135907122943	0.0691714656943144	chr9p
2436A	chr9	q	Gain	0.200024	1	104350062	104.350062	0.00958312799085831	0.00191685559324344	chr9q
3188	chr1	p	Loss	45.63443	2	124048267	124.048267	0.0161227564751066	0.367876400885149	chr1p
3188	chr1	p	Loss	45.63443	2	124048267	124.048267	0.0161227564751066	0.367876400885149	chr1p
3188	chr1	q	Gain	1.000751	1	124339061	124.339061	0.00804252494716845	0.00804856488340377	chr1q
3188	chr10	q	Loss	41.648868	7	94108943	94.108943	0.0743818788826477	0.44256015073934	chr10q
3188	chr10	q	Loss	41.648868	7	94108943	94.108943	0.0743818788826477	0.44256015073934	chr10q
3188	chr10	q	Loss	41.648868	7	94108943	94.108943	0.0743818788826477	0.44256015073934	chr10q
3188	chr10	q	Loss	41.648868	7	94108943	94.108943	0.0743818788826477	0.44256015073934	chr10q
3188	chr10	q	Loss	41.648868	7	94108943	94.108943	0.0743818788826477	0.44256015073934	chr10q
3188	chr10	q	Loss	41.648868	7	94108943	94.108943	0.0743818788826477	0.44256015073934	chr10q
3188	chr10	q	Loss	41.648868	7	94108943	94.108943	0.0743818788826477	0.44256015073934	chr10q
3188	chr11	p	Gain	1.401331	1	52743313	52.743313	0.01895974945677	0.026568884666005	chr11p
3188	chr11	q	Gain	55.252168	4	82384456	82.384456	0.0485528483674153	0.670662533718739	chr11q
3188	chr11	q	Gain	55.252168	4	82384456	82.384456	0.0485528483674153	0.670662533718739	chr11q
3188	chr11	q	Gain	55.252168	4	82384456	82.384456	0.0485528483674153	0.670662533718739	chr11q
3188	chr11	q	Gain	55.252168	4	82384456	82.384456	0.0485528483674153	0.670662533718739	chr11q
3188	chr12	q	Loss	82.877426	8	97412884	97.412884	0.0821246602246167	0.850785056317602	chr12q
3188	chr12	q	Loss	82.877426	8	97412884	97.412884	0.0821246602246167	0.850785056317602	chr12q
3188	chr12	q	Loss	82.877426	8	97412884	97.412884	0.0821246602246167	0.850785056317602	chr12q
3188	chr12	q	Loss	82.877426	8	97412884	97.412884	0.0821246602246167	0.850785056317602	chr12q
3188	chr12	q	Loss	82.877426	8	97412884	97.412884	0.0821246602246167	0.850785056317602	chr12q
3188	chr12	q	Loss	82.877426	8	97412884	97.412884	0.0821246602246167	0.850785056317602	chr12q
3188	chr12	q	Loss	82.877426	8	97412884	97.412884	0.0821246602246167	0.850785056317602	chr12q
3188	chr12	q	Loss	82.877426	8	97412884	97.412884	0.0821246602246167	0.850785056317602	chr12q
3188	chr14	q	Gain	5.208313	2	89761231	89.761231	0.0222813343546948	0.0580240816884519	chr14q
3188	chr14	q	Gain	5.208313	2	89761231	89.761231	0.0222813343546948	0.0580240816884519	chr14q
3188	chr14	q	Loss	11.418199	6	89761231	89.761231	0.0668440030640845	0.127206354823721	chr14q
3188	chr14	q	Loss	11.418199	6	89761231	89.761231	0.0668440030640845	0.127206354823721	chr14q
3188	chr14	q	Loss	11.418199	6	89761231	89.761231	0.0668440030640845	0.127206354823721	chr14q
3188	chr14	q	Loss	11.418199	6	89761231	89.761231	0.0668440030640845	0.127206354823721	chr14q
3188	chr14	q	Loss	11.418199	6	89761231	89.761231	0.0668440030640845	0.127206354823721	chr14q
3188	chr14	q	Loss	11.418199	6	89761231	89.761231	0.0668440030640845	0.127206354823721	chr14q
3188	chr15	q	Gain	2.003081	1	82566565	82.566565	0.0121114400241793	0.0242601953950731	chr15q
3188	chr2	q	Loss	1.400561	1	149193469	149.193469	0.00670270626926705	0.00938754899519094	chr2q
3188	chr20	q	Gain	1.400218	1	38197502	38.197502	0.0261797224331581	0.0366573185859117	chr20q
3188	chr22	q	Gain	1.603905	1	37075304	37.075304	0.0269721321772574	0.043260737659764	chr22q
3188	chr4	q	Gain	6.205612	1	141122471	141.122471	0.00708604372439029	0.0439732379686011	chr4q
3188	chr5	p	Gain	1.200301	1	48317879	48.317879	0.0206962726985595	0.0248417568163536	chr5p
3188	chr5	p	Loss	6.001502	2	48317879	48.317879	0.0413925453971189	0.12420872199295	chr5p
3188	chr5	p	Loss	6.001502	2	48317879	48.317879	0.0413925453971189	0.12420872199295	chr5p
3188	chr5	q	Loss	31.607862	9	133727560	133.72756	0.0673010111004792	0.236360119036046	chr5q
3188	chr5	q	Loss	31.607862	9	133727560	133.72756	0.0673010111004792	0.236360119036046	chr5q
3188	chr5	q	Loss	31.607862	9	133727560	133.72756	0.0673010111004792	0.236360119036046	chr5q
3188	chr5	q	Loss	31.607862	9	133727560	133.72756	0.0673010111004792	0.236360119036046	chr5q
3188	chr5	q	Loss	31.607862	9	133727560	133.72756	0.0673010111004792	0.236360119036046	chr5q
3188	chr5	q	Loss	31.607862	9	133727560	133.72756	0.0673010111004792	0.236360119036046	chr5q
3188	chr5	q	Loss	31.607862	9	133727560	133.72756	0.0673010111004792	0.236360119036046	chr5q
3188	chr5	q	Loss	31.607862	9	133727560	133.72756	0.0673010111004792	0.236360119036046	chr5q
3188	chr5	q	Loss	31.607862	9	133727560	133.72756	0.0673010111004792	0.236360119036046	chr5q
3188	chr6	p	Gain	55.240785	13	59672548	59.672548	0.217855620980019	0.925731963046056	chr6p
3188	chr6	p	Gain	55.240785	13	59672548	59.672548	0.217855620980019	0.925731963046056	chr6p
3188	chr6	p	Gain	55.240785	13	59672548	59.672548	0.217855620980019	0.925731963046056	chr6p
3188	chr6	p	Gain	55.240785	13	59672548	59.672548	0.217855620980019	0.925731963046056	chr6p
3188	chr6	p	Gain	55.240785	13	59672548	59.672548	0.217855620980019	0.925731963046056	chr6p
3188	chr6	p	Gain	55.240785	13	59672548	59.672548	0.217855620980019	0.925731963046056	chr6p
3188	chr6	p	Gain	55.240785	13	59672548	59.672548	0.217855620980019	0.925731963046056	chr6p
3188	chr6	p	Gain	55.240785	13	59672548	59.672548	0.217855620980019	0.925731963046056	chr6p
3188	chr6	p	Gain	55.240785	13	59672548	59.672548	0.217855620980019	0.925731963046056	chr6p
3188	chr6	p	Gain	55.240785	13	59672548	59.672548	0.217855620980019	0.925731963046056	chr6p
3188	chr6	p	Gain	55.240785	13	59672548	59.672548	0.217855620980019	0.925731963046056	chr6p
3188	chr6	p	Gain	55.240785	13	59672548	59.672548	0.217855620980019	0.925731963046056	chr6p
3188	chr6	p	Gain	55.240785	13	59672548	59.672548	0.217855620980019	0.925731963046056	chr6p
3188	chr6	q	Loss	13.810144	1	112454080	112.45408	0.00889251861737698	0.122806962628657	chr6q
3188	chr7	q	Gain	4.404577	1	98502993	98.502993	0.0101519757881875	0.0447151590612074	chr7q
3188	chr8	q	Gain	97.239374	8	100988875	100.988875	0.0792166463880304	0.962872138143929	chr8q
3188	chr8	q	Gain	97.239374	8	100988875	100.988875	0.0792166463880304	0.962872138143929	chr8q
3188	chr8	q	Gain	97.239374	8	100988875	100.988875	0.0792166463880304	0.962872138143929	chr8q
3188	chr8	q	Gain	97.239374	8	100988875	100.988875	0.0792166463880304	0.962872138143929	chr8q
3188	chr8	q	Gain	97.239374	8	100988875	100.988875	0.0792166463880304	0.962872138143929	chr8q
3188	chr8	q	Gain	97.239374	8	100988875	100.988875	0.0792166463880304	0.962872138143929	chr8q
3188	chr8	q	Gain	97.239374	8	100988875	100.988875	0.0792166463880304	0.962872138143929	chr8q
3188	chr8	q	Gain	97.239374	8	100988875	100.988875	0.0792166463880304	0.962872138143929	chr8q
3188	chr9	p	Loss	5.600645	1	46267185	46.267185	0.0216135907122943	0.121050048754857	chr9p
3188	chr9	q	Gain	71.80819	2	104350062	104.350062	0.0191662559817166	0.688147075561872	chr9q
3188	chr9	q	Gain	71.80819	2	104350062	104.350062	0.0191662559817166	0.688147075561872	chr9q
3988	chr10	p	Gain	32.237838	3	40649191	40.649191	0.0738022067893061	0.793074528838717	chr10p
3988	chr10	p	Gain	32.237838	3	40649191	40.649191	0.0738022067893061	0.793074528838717	chr10p
3988	chr10	p	Gain	32.237838	3	40649191	40.649191	0.0738022067893061	0.793074528838717	chr10p
3988	chr10	q	Gain	0.600706	1	94108943	94.108943	0.0106259826975211	0.00638309156229711	chr10q
3988	chr11	p	Loss	12.411761	3	52743313	52.743313	0.05687924837031	0.235323878877309	chr11p
3988	chr11	p	Loss	12.411761	3	52743313	52.743313	0.05687924837031	0.235323878877309	chr11p
3988	chr11	p	Loss	12.411761	3	52743313	52.743313	0.05687924837031	0.235323878877309	chr11p
3988	chr12	p	Gain	33.431237	3	35911664	35.911664	0.0835383178011467	0.930929766997152	chr12p
3988	chr12	p	Gain	33.431237	3	35911664	35.911664	0.0835383178011467	0.930929766997152	chr12p
3988	chr12	p	Gain	33.431237	3	35911664	35.911664	0.0835383178011467	0.930929766997152	chr12p
3988	chr14	q	Gain	0.400641	1	89761231	89.761231	0.0111406671773474	0.00446340803859965	chr14q
3988	chr15	q	Gain	2.003081	1	82566565	82.566565	0.0121114400241793	0.0242601953950731	chr15q
3988	chr19	q	Loss	8.013921	1	33914441	33.914441	0.0294859644008285	0.236298189317052	chr19q
3988	chr2	p	Loss	11.004402	2	93503283	93.503283	0.0213896232926923	0.117690006670675	chr2p
3988	chr2	p	Loss	11.004402	2	93503283	93.503283	0.0213896232926923	0.117690006670675	chr2p
3988	chr2	q	Loss	10.404109	1	149193469	149.193469	0.00670270626926705	0.0697356866204378	chr2q
3988	chr5	q	Gain	0.400101	1	133727560	133.72756	0.00747789012227547	0.00299191131581254	chr5q
3988	chr7	q	Gain	9.40982	2	98502993	98.502993	0.0203039515763749	0.0955282648112022	chr7q
3988	chr7	q	Gain	9.40982	2	98502993	98.502993	0.0203039515763749	0.0955282648112022	chr7q
3988	chr8	p	Gain	17.207053	1	45270456	45.270456	0.0220894616126685	0.380094536710653	chr8p
3988	chr8	q	Gain	33.41353	3	100988875	100.988875	0.0297062423955114	0.330863473823231	chr8q
3988	chr8	q	Gain	33.41353	3	100988875	100.988875	0.0297062423955114	0.330863473823231	chr8q
3988	chr8	q	Gain	33.41353	3	100988875	100.988875	0.0297062423955114	0.330863473823231	chr8q
6265D	chr1	q	Gain	0.400303	1	124339061	124.339061	0.00804252494716845	0.00321944686392637	chr1q
6265D	chr10	q	Gain	1.401646	1	94108943	94.108943	0.0106259826975211	0.0148938661440497	chr10q
6265D	chr11	p	Loss	10.209691	1	52743313	52.743313	0.01895974945677	0.19357318339104	chr11p
6265D	chr12	q	Gain	12.611784	3	97412884	97.412884	0.0307967475842313	0.129467309478282	chr12q
6265D	chr12	q	Gain	12.611784	3	97412884	97.412884	0.0307967475842313	0.129467309478282	chr12q
6265D	chr12	q	Gain	12.611784	3	97412884	97.412884	0.0307967475842313	0.129467309478282	chr12q
6265D	chr13	q	Gain	1.201766	2	97043744	97.043744	0.0206092625610158	0.0123837555154508	chr13q
6265D	chr13	q	Gain	1.201766	2	97043744	97.043744	0.0206092625610158	0.0123837555154508	chr13q
6265D	chr13	q	Loss	15.823227	1	97043744	97.043744	0.0103046312805079	0.163052519902777	chr13q
6265D	chr14	q	Gain	32.251523	3	89761231	89.761231	0.0334220015320423	0.359303483705565	chr14q
6265D	chr14	q	Gain	32.251523	3	89761231	89.761231	0.0334220015320423	0.359303483705565	chr14q
6265D	chr14	q	Gain	32.251523	3	89761231	89.761231	0.0334220015320423	0.359303483705565	chr14q
6265D	chr14	q	Loss	47.676055	1	89761231	89.761231	0.0111406671773474	0.531143061083911	chr14q
6265D	chr15	q	Gain	0.801233	1	82566565	82.566565	0.0121114400241793	0.00970408542489324	chr15q
6265D	chr17	q	Loss	9.408555	1	58587218	58.587218	0.017068569461687	0.160590574551603	chr17q
6265D	chr18	q	Loss	35.863388	3	62092914	62.092914	0.0483146917537161	0.577576178821306	chr18q
6265D	chr18	q	Loss	35.863388	3	62092914	62.092914	0.0483146917537161	0.577576178821306	chr18q
6265D	chr18	q	Loss	35.863388	3	62092914	62.092914	0.0483146917537161	0.577576178821306	chr18q
6265D	chr19	q	Loss	17.830973	1	33914441	33.914441	0.0294859644008285	0.525763435110135	chr19q
6265D	chr2	p	Gain	0.200081	1	93503283	93.503283	0.0106948116463462	0.00213982860901258	chr2p
6265D	chr21	q	Loss	6.012091	1	33956153	33.956153	0.0294497436149496	0.177054538539746	chr21q
6265D	chr3	p	Gain	1.200637	1	94076514	94.076514	0.0106296455670115	0.01276234576464	chr3p
6265D	chr3	p	Loss	5.202759	3	94076514	94.076514	0.0318889367010346	0.0553034841405794	chr3p
6265D	chr3	p	Loss	5.202759	3	94076514	94.076514	0.0318889367010346	0.0553034841405794	chr3p
6265D	chr3	p	Loss	5.202759	3	94076514	94.076514	0.0318889367010346	0.0553034841405794	chr3p
6265D	chr3	q	Gain	5.602941	1	107029434	107.029434	0.0093432242199842	0.0523495340543425	chr3q
6265D	chr4	q	Gain	1.201087	1	141122471	141.122471	0.00708604372439029	0.00851095499879675	chr4q
6265D	chr5	q	Gain	5.201307	7	133727560	133.72756	0.0523452308559283	0.0388948022382222	chr5q
6265D	chr5	q	Gain	5.201307	7	133727560	133.72756	0.0523452308559283	0.0388948022382222	chr5q
6265D	chr5	q	Gain	5.201307	7	133727560	133.72756	0.0523452308559283	0.0388948022382222	chr5q
6265D	chr5	q	Gain	5.201307	7	133727560	133.72756	0.0523452308559283	0.0388948022382222	chr5q
6265D	chr5	q	Gain	5.201307	7	133727560	133.72756	0.0523452308559283	0.0388948022382222	chr5q
6265D	chr5	q	Gain	5.201307	7	133727560	133.72756	0.0523452308559283	0.0388948022382222	chr5q
6265D	chr5	q	Gain	5.201307	7	133727560	133.72756	0.0523452308559283	0.0388948022382222	chr5q
6265D	chr5	q	Loss	1.800451	1	133727560	133.72756	0.00747789012227547	0.013463574748541	chr5q
6265D	chr6	p	Loss	8.406175	1	59672548	59.672548	0.0167581246907707	0.140871728822439	chr6p
6265D	chr6	q	Loss	78.457626	2	112454080	112.45408	0.017785037234754	0.6976858998802	chr6q
6265D	chr6	q	Loss	78.457626	2	112454080	112.45408	0.017785037234754	0.6976858998802	chr6q
6265D	chr9	p	Gain	3.400392	1	46267185	46.267185	0.0216135907122943	0.0734946809493597	chr9p
6265D	chr9	p	Loss	35.804118	1	46267185	46.267185	0.0216135907122943	0.773855552266688	chr9p
6266D	chr1	q	Gain	11.608759	1	124339061	124.339061	0.00804252494716845	0.0933637338631663	chr1q
6266D	chr10	p	Gain	34.039957	7	40649191	40.649191	0.172205149175048	0.837407981871029	chr10p
6266D	chr10	p	Gain	34.039957	7	40649191	40.649191	0.172205149175048	0.837407981871029	chr10p
6266D	chr10	p	Gain	34.039957	7	40649191	40.649191	0.172205149175048	0.837407981871029	chr10p
6266D	chr10	p	Gain	34.039957	7	40649191	40.649191	0.172205149175048	0.837407981871029	chr10p
6266D	chr10	p	Gain	34.039957	7	40649191	40.649191	0.172205149175048	0.837407981871029	chr10p
6266D	chr10	p	Gain	34.039957	7	40649191	40.649191	0.172205149175048	0.837407981871029	chr10p
6266D	chr10	p	Gain	34.039957	7	40649191	40.649191	0.172205149175048	0.837407981871029	chr10p
6266D	chr10	q	Gain	0.600706	1	94108943	94.108943	0.0106259826975211	0.00638309156229711	chr10q
6266D	chr11	p	Loss	15.014251	1	52743313	52.743313	0.01895974945677	0.284666437241058	chr11p
6266D	chr12	p	Gain	24.022449	4	35911664	35.911664	0.111384423734862	0.66893165964128	chr12p
6266D	chr12	p	Gain	24.022449	4	35911664	35.911664	0.111384423734862	0.66893165964128	chr12p
6266D	chr12	p	Gain	24.022449	4	35911664	35.911664	0.111384423734862	0.66893165964128	chr12p
6266D	chr12	p	Gain	24.022449	4	35911664	35.911664	0.111384423734862	0.66893165964128	chr12p
6266D	chr12	p	Loss	0.800749	1	35911664	35.911664	0.0278461059337156	0.0222977414803168	chr12p
6266D	chr14	q	Gain	0.801281	1	89761231	89.761231	0.0111406671773474	0.00892680493653212	chr14q
6266D	chr15	q	Gain	1.602465	1	82566565	82.566565	0.0121114400241793	0.0194081587383464	chr15q
6266D	chr22	q	Gain	0.601465	1	37075304	37.075304	0.0269721321772574	0.0162227934799941	chr22q
6266D	chr6	q	Loss	0.200148	1	112454080	112.45408	0.00889251861737698	0.00177981981623077	chr6q
6266D	chr9	p	Loss	0.400047	1	46267185	46.267185	0.0216135907122943	0.00864645212368118	chr9p
6269C	chr1	p	Gain	54.641228	5	124048267	124.048267	0.0403068911877665	0.440483606272388	chr1p
6269C	chr1	p	Gain	54.641228	5	124048267	124.048267	0.0403068911877665	0.440483606272388	chr1p
6269C	chr1	p	Gain	54.641228	5	124048267	124.048267	0.0403068911877665	0.440483606272388	chr1p
6269C	chr1	p	Gain	54.641228	5	124048267	124.048267	0.0403068911877665	0.440483606272388	chr1p
6269C	chr1	p	Gain	54.641228	5	124048267	124.048267	0.0403068911877665	0.440483606272388	chr1p
6269C	chr1	q	Gain	24.418425	3	124339061	124.339061	0.0241275748415054	0.196385792233062	chr1q
6269C	chr1	q	Gain	24.418425	3	124339061	124.339061	0.0241275748415054	0.196385792233062	chr1q
6269C	chr1	q	Gain	24.418425	3	124339061	124.339061	0.0241275748415054	0.196385792233062	chr1q
6269C	chr10	p	Gain	2.803291	1	40649191	40.649191	0.0246007355964354	0.0689630206908669	chr10p
6269C	chr11	p	Gain	3.403231	1	52743313	52.743313	0.01895974945677	0.0645244071035128	chr11p
6269C	chr11	q	Gain	57.053871	6	82384456	82.384456	0.072829272551123	0.692531986859269	chr11q
6269C	chr11	q	Gain	57.053871	6	82384456	82.384456	0.072829272551123	0.692531986859269	chr11q
6269C	chr11	q	Gain	57.053871	6	82384456	82.384456	0.072829272551123	0.692531986859269	chr11q
6269C	chr11	q	Gain	57.053871	6	82384456	82.384456	0.072829272551123	0.692531986859269	chr11q
6269C	chr11	q	Gain	57.053871	6	82384456	82.384456	0.072829272551123	0.692531986859269	chr11q
6269C	chr11	q	Gain	57.053871	6	82384456	82.384456	0.072829272551123	0.692531986859269	chr11q
6269C	chr12	q	Gain	24.422817	3	97412884	97.412884	0.0307967475842313	0.250714443481624	chr12q
6269C	chr12	q	Gain	24.422817	3	97412884	97.412884	0.0307967475842313	0.250714443481624	chr12q
6269C	chr12	q	Gain	24.422817	3	97412884	97.412884	0.0307967475842313	0.250714443481624	chr12q
6269C	chr13	q	Gain	45.066154	4	97043744	97.043744	0.0412185251220316	0.464390100200586	chr13q
6269C	chr13	q	Gain	45.066154	4	97043744	97.043744	0.0412185251220316	0.464390100200586	chr13q
6269C	chr13	q	Gain	45.066154	4	97043744	97.043744	0.0412185251220316	0.464390100200586	chr13q
6269C	chr13	q	Gain	45.066154	4	97043744	97.043744	0.0412185251220316	0.464390100200586	chr13q
6269C	chr14	q	Gain	0.801281	1	89761231	89.761231	0.0111406671773474	0.00892680493653212	chr14q
6269C	chr15	q	Gain	1.602465	1	82566565	82.566565	0.0121114400241793	0.0194081587383464	chr15q
6269C	chr17	q	Gain	7.40676	2	58587218	58.587218	0.034137138923374	0.126422797546045	chr17q
6269C	chr17	q	Gain	7.40676	2	58587218	58.587218	0.034137138923374	0.126422797546045	chr17q
6269C	chr19	p	Loss	19.634203	1	27792923	27.792923	0.0359803824880168	0.706446133787367	chr19p
6269C	chr19	q	Loss	6.611485	1	33914441	33.914441	0.0294859644008285	0.194946011346612	chr19q
6269C	chr7	p	Gain	45.247239	5	62064435	62.064435	0.0805614358690287	0.729036508589823	chr7p
6269C	chr7	p	Gain	45.247239	5	62064435	62.064435	0.0805614358690287	0.729036508589823	chr7p
6269C	chr7	p	Gain	45.247239	5	62064435	62.064435	0.0805614358690287	0.729036508589823	chr7p
6269C	chr7	p	Gain	45.247239	5	62064435	62.064435	0.0805614358690287	0.729036508589823	chr7p
6269C	chr7	p	Gain	45.247239	5	62064435	62.064435	0.0805614358690287	0.729036508589823	chr7p
6269C	chr7	q	Gain	58.260728	7	98502993	98.502993	0.0710638305173123	0.591461500058176	chr7q
6269C	chr7	q	Gain	58.260728	7	98502993	98.502993	0.0710638305173123	0.591461500058176	chr7q
6269C	chr7	q	Gain	58.260728	7	98502993	98.502993	0.0710638305173123	0.591461500058176	chr7q
6269C	chr7	q	Gain	58.260728	7	98502993	98.502993	0.0710638305173123	0.591461500058176	chr7q
6269C	chr7	q	Gain	58.260728	7	98502993	98.502993	0.0710638305173123	0.591461500058176	chr7q
6269C	chr7	q	Gain	58.260728	7	98502993	98.502993	0.0710638305173123	0.591461500058176	chr7q
6269C	chr7	q	Gain	58.260728	7	98502993	98.502993	0.0710638305173123	0.591461500058176	chr7q
6269C	chr8	p	Gain	39.416078	2	45270456	45.270456	0.0441789232253371	0.870679941902949	chr8p
6269C	chr8	p	Gain	39.416078	2	45270456	45.270456	0.0441789232253371	0.870679941902949	chr8p
6269C	chr8	q	Gain	80.632657	14	100988875	100.988875	0.138629131179053	0.798431084612043	chr8q
6269C	chr8	q	Gain	80.632657	14	100988875	100.988875	0.138629131179053	0.798431084612043	chr8q
6269C	chr8	q	Gain	80.632657	14	100988875	100.988875	0.138629131179053	0.798431084612043	chr8q
6269C	chr8	q	Gain	80.632657	14	100988875	100.988875	0.138629131179053	0.798431084612043	chr8q
6269C	chr8	q	Gain	80.632657	14	100988875	100.988875	0.138629131179053	0.798431084612043	chr8q
6269C	chr8	q	Gain	80.632657	14	100988875	100.988875	0.138629131179053	0.798431084612043	chr8q
6269C	chr8	q	Gain	80.632657	14	100988875	100.988875	0.138629131179053	0.798431084612043	chr8q
6269C	chr8	q	Gain	80.632657	14	100988875	100.988875	0.138629131179053	0.798431084612043	chr8q
6269C	chr8	q	Gain	80.632657	14	100988875	100.988875	0.138629131179053	0.798431084612043	chr8q
6269C	chr8	q	Gain	80.632657	14	100988875	100.988875	0.138629131179053	0.798431084612043	chr8q
6269C	chr8	q	Gain	80.632657	14	100988875	100.988875	0.138629131179053	0.798431084612043	chr8q
6269C	chr8	q	Gain	80.632657	14	100988875	100.988875	0.138629131179053	0.798431084612043	chr8q
6269C	chr8	q	Gain	80.632657	14	100988875	100.988875	0.138629131179053	0.798431084612043	chr8q
6269C	chr8	q	Gain	80.632657	14	100988875	100.988875	0.138629131179053	0.798431084612043	chr8q
6277A	chr1	p	Loss	18.614044	1	124048267	124.048267	0.00806137823755329	0.150054849214459	chr1p
6277A	chr1	q	Gain	22.016611	1	124339061	124.339061	0.00804252494716845	0.177069143219603	chr1q
6277A	chr1	q	Loss	4.803625	1	124339061	124.339061	0.00804252494716845	0.0386332738993421	chr1q
6277A	chr10	p	Gain	17.220213	3	40649191	40.649191	0.0738022067893061	0.423629906927299	chr10p
6277A	chr10	p	Gain	17.220213	3	40649191	40.649191	0.0738022067893061	0.423629906927299	chr10p
6277A	chr10	p	Gain	17.220213	3	40649191	40.649191	0.0738022067893061	0.423629906927299	chr10p
6277A	chr10	p	Loss	8.409872	2	40649191	40.649191	0.0492014711928707	0.206889037471865	chr10p
6277A	chr10	p	Loss	8.409872	2	40649191	40.649191	0.0492014711928707	0.206889037471865	chr10p
6277A	chr10	q	Gain	0.200236	1	94108943	94.108943	0.0106259826975211	0.00212770427142084	chr10q
6277A	chr11	p	Loss	9.809311	1	52743313	52.743313	0.01895974945677	0.185982078903538	chr11p
6277A	chr11	q	Gain	21.220037	3	82384456	82.384456	0.0364146362755615	0.257573309702986	chr11q
6277A	chr11	q	Gain	21.220037	3	82384456	82.384456	0.0364146362755615	0.257573309702986	chr11q
6277A	chr11	q	Gain	21.220037	3	82384456	82.384456	0.0364146362755615	0.257573309702986	chr11q
6277A	chr12	p	Gain	24.222636	4	35911664	35.911664	0.111384423734862	0.674506088049832	chr12p
6277A	chr12	p	Gain	24.222636	4	35911664	35.911664	0.111384423734862	0.674506088049832	chr12p
6277A	chr12	p	Gain	24.222636	4	35911664	35.911664	0.111384423734862	0.674506088049832	chr12p
6277A	chr12	p	Gain	24.222636	4	35911664	35.911664	0.111384423734862	0.674506088049832	chr12p
6277A	chr13	q	Gain	32.848209	2	97043744	97.043744	0.0206092625610158	0.338488681970061	chr13q
6277A	chr13	q	Gain	32.848209	2	97043744	97.043744	0.0206092625610158	0.338488681970061	chr13q
6277A	chr13	q	Loss	48.87174	4	97043744	97.043744	0.0412185251220316	0.503605260736849	chr13q
6277A	chr13	q	Loss	48.87174	4	97043744	97.043744	0.0412185251220316	0.503605260736849	chr13q
6277A	chr13	q	Loss	48.87174	4	97043744	97.043744	0.0412185251220316	0.503605260736849	chr13q
6277A	chr13	q	Loss	48.87174	4	97043744	97.043744	0.0412185251220316	0.503605260736849	chr13q
6277A	chr14	q	Loss	56.490135	1	89761231	89.761231	0.0111406671773474	0.629337792838425	chr14q
6277A	chr15	q	Gain	1.602465	1	82566565	82.566565	0.0121114400241793	0.0194081587383464	chr15q
6277A	chr16	q	Gain	2.202982	1	59491471	59.491471	0.01680913218636	0.0370302156421716	chr16q
6277A	chr17	q	Gain	1.801649	2	58587218	58.587218	0.034137138923374	0.030751571102079	chr17q
6277A	chr17	q	Gain	1.801649	2	58587218	58.587218	0.034137138923374	0.030751571102079	chr17q
6277A	chr18	p	Loss	12.221656	1	18449624	18.449624	0.0542016466026625	0.662433879411309	chr18p
6277A	chr18	q	Gain	2.804971	1	62092914	62.092914	0.0161048972512387	0.0451737697477042	chr18q
6277A	chr18	q	Loss	28.049572	1	62092914	62.092914	0.0161048972512387	0.451735475001222	chr18q
6277A	chr19	p	Gain	3.405935	2	27792923	27.792923	0.0719607649760337	0.122546844029324	chr19p
6277A	chr19	p	Gain	3.405935	2	27792923	27.792923	0.0719607649760337	0.122546844029324	chr19p
6277A	chr19	q	Loss	23.040021	1	33914441	33.914441	0.0294859644008285	0.679357239000342	chr19q
6277A	chr2	p	Gain	16.806721	1	93503283	93.503283	0.0106948116463462	0.17974471548769	chr2p
6277A	chr2	p	Loss	0.200081	1	93503283	93.503283	0.0106948116463462	0.00213982860901258	chr2p
6277A	chr2	q	Gain	37.814945	3	149193469	149.193469	0.0201081188078012	0.253462468923489	chr2q
6277A	chr2	q	Gain	37.814945	3	149193469	149.193469	0.0201081188078012	0.253462468923489	chr2q
6277A	chr2	q	Gain	37.814945	3	149193469	149.193469	0.0201081188078012	0.253462468923489	chr2q
6277A	chr20	p	Gain	20.003101	1	28012753	28.012753	0.0356980265381271	0.714071230342837	chr20p
6277A	chr21	q	Loss	10.420957	1	33956153	33.956153	0.0294497436149496	0.306894511872414	chr21q
6277A	chr3	p	Gain	65.034427	6	94076514	94.076514	0.0637778734020693	0.691292908663686	chr3p
6277A	chr3	p	Gain	65.034427	6	94076514	94.076514	0.0637778734020693	0.691292908663686	chr3p
6277A	chr3	p	Gain	65.034427	6	94076514	94.076514	0.0637778734020693	0.691292908663686	chr3p
6277A	chr3	p	Gain	65.034427	6	94076514	94.076514	0.0637778734020693	0.691292908663686	chr3p
6277A	chr3	p	Gain	65.034427	6	94076514	94.076514	0.0637778734020693	0.691292908663686	chr3p
6277A	chr3	p	Gain	65.034427	6	94076514	94.076514	0.0637778734020693	0.691292908663686	chr3p
6277A	chr3	q	Loss	76.240008	3	107029434	107.029434	0.0280296726599526	0.712327489277389	chr3q
6277A	chr3	q	Loss	76.240008	3	107029434	107.029434	0.0280296726599526	0.712327489277389	chr3q
6277A	chr3	q	Loss	76.240008	3	107029434	107.029434	0.0280296726599526	0.712327489277389	chr3q
6277A	chr4	q	Gain	6.20561	2	141122471	141.122471	0.0141720874487806	0.0439732237965136	chr4q
6277A	chr4	q	Gain	6.20561	2	141122471	141.122471	0.0141720874487806	0.0439732237965136	chr4q
6277A	chr5	p	Loss	5.001251	1	48317879	48.317879	0.0206962726985595	0.103507254529943	chr5p
6277A	chr5	q	Loss	42.810644	3	133727560	133.72756	0.0224336703668264	0.320133291895852	chr5q
6277A	chr5	q	Loss	42.810644	3	133727560	133.72756	0.0224336703668264	0.320133291895852	chr5q
6277A	chr5	q	Loss	42.810644	3	133727560	133.72756	0.0224336703668264	0.320133291895852	chr5q
6277A	chr6	p	Gain	57.042104	5	59672548	59.672548	0.0837906234538535	0.95591869145591	chr6p
6277A	chr6	p	Gain	57.042104	5	59672548	59.672548	0.0837906234538535	0.95591869145591	chr6p
6277A	chr6	p	Gain	57.042104	5	59672548	59.672548	0.0837906234538535	0.95591869145591	chr6p
6277A	chr6	p	Gain	57.042104	5	59672548	59.672548	0.0837906234538535	0.95591869145591	chr6p
6277A	chr6	p	Gain	57.042104	5	59672548	59.672548	0.0837906234538535	0.95591869145591	chr6p
6277A	chr6	q	Gain	13.609999	3	112454080	112.45408	0.0266775558521309	0.121027169489982	chr6q
6277A	chr6	q	Gain	13.609999	3	112454080	112.45408	0.0266775558521309	0.121027169489982	chr6q
6277A	chr6	q	Gain	13.609999	3	112454080	112.45408	0.0266775558521309	0.121027169489982	chr6q
6277A	chr6	q	Loss	95.06983	5	112454080	112.45408	0.0444625930868849	0.845410233225864	chr6q
6277A	chr6	q	Loss	95.06983	5	112454080	112.45408	0.0444625930868849	0.845410233225864	chr6q
6277A	chr6	q	Loss	95.06983	5	112454080	112.45408	0.0444625930868849	0.845410233225864	chr6q
6277A	chr6	q	Loss	95.06983	5	112454080	112.45408	0.0444625930868849	0.845410233225864	chr6q
6277A	chr6	q	Loss	95.06983	5	112454080	112.45408	0.0444625930868849	0.845410233225864	chr6q
6277A	chr7	p	Gain	42.2441	1	62064435	62.064435	0.0161122871738057	0.680649070598967	chr7p
6277A	chr7	q	Gain	38.640278	5	98502993	98.502993	0.0507598789409374	0.392275166704833	chr7q
6277A	chr7	q	Gain	38.640278	5	98502993	98.502993	0.0507598789409374	0.392275166704833	chr7q
6277A	chr7	q	Gain	38.640278	5	98502993	98.502993	0.0507598789409374	0.392275166704833	chr7q
6277A	chr7	q	Gain	38.640278	5	98502993	98.502993	0.0507598789409374	0.392275166704833	chr7q
6277A	chr7	q	Gain	38.640278	5	98502993	98.502993	0.0507598789409374	0.392275166704833	chr7q
6277A	chr8	p	Gain	36.61493	1	45270456	45.270456	0.0220894616126685	0.808804090685545	chr8p
6277A	chr8	q	Gain	68.627786	3	100988875	100.988875	0.0297062423955114	0.679557881994428	chr8q
6277A	chr8	q	Gain	68.627786	3	100988875	100.988875	0.0297062423955114	0.679557881994428	chr8q
6277A	chr8	q	Gain	68.627786	3	100988875	100.988875	0.0297062423955114	0.679557881994428	chr8q
6277A	chr9	p	Gain	39.804579	2	46267185	46.267185	0.0432271814245885	0.860319878981183	chr9p
6277A	chr9	p	Gain	39.804579	2	46267185	46.267185	0.0432271814245885	0.860319878981183	chr9p
6277A	chr9	p	Loss	2.000232	2	46267185	46.267185	0.0432271814245885	0.0432321957776338	chr9p
6277A	chr9	p	Loss	2.000232	2	46267185	46.267185	0.0432271814245885	0.0432321957776338	chr9p
6277A	chr9	q	Loss	9.20106	2	104350062	104.350062	0.0191662559817166	0.0881749356315668	chr9q
6277A	chr9	q	Loss	9.20106	2	104350062	104.350062	0.0191662559817166	0.0881749356315668	chr9q
6285B	chr10	q	Gain	1.201411	1	94108943	94.108943	0.0106259826975211	0.0127661724986115	chr10q
6285B	chr13	q	Loss	17.425572	3	97043744	97.043744	0.0309138938415237	0.179564094311942	chr13q
6285B	chr13	q	Loss	17.425572	3	97043744	97.043744	0.0309138938415237	0.179564094311942	chr13q
6285B	chr13	q	Loss	17.425572	3	97043744	97.043744	0.0309138938415237	0.179564094311942	chr13q
6285B	chr14	q	Gain	1.402241	1	89761231	89.761231	0.0111406671773474	0.0156219002834308	chr14q
6285B	chr14	q	Loss	40.865195	4	89761231	89.761231	0.0445626687093897	0.455265536632402	chr14q
6285B	chr14	q	Loss	40.865195	4	89761231	89.761231	0.0445626687093897	0.455265536632402	chr14q
6285B	chr14	q	Loss	40.865195	4	89761231	89.761231	0.0445626687093897	0.455265536632402	chr14q
6285B	chr14	q	Loss	40.865195	4	89761231	89.761231	0.0445626687093897	0.455265536632402	chr14q
6285B	chr15	q	Gain	2.003081	1	82566565	82.566565	0.0121114400241793	0.0242601953950731	chr15q
6285B	chr17	q	Gain	0.200184	1	58587218	58.587218	0.017068569461687	0.00341685450911835	chr17q
6285B	chr18	q	Loss	17.030095	3	62092914	62.092914	0.0483146917537161	0.274267930153834	chr18q
6285B	chr18	q	Loss	17.030095	3	62092914	62.092914	0.0483146917537161	0.274267930153834	chr18q
6285B	chr18	q	Loss	17.030095	3	62092914	62.092914	0.0483146917537161	0.274267930153834	chr18q
6285B	chr19	p	Loss	22.238741	2	27792923	27.792923	0.0719607649760337	0.800158407231942	chr19p
6285B	chr19	p	Loss	22.238741	2	27792923	27.792923	0.0719607649760337	0.800158407231942	chr19p
6285B	chr19	q	Loss	30.653273	2	33914441	33.914441	0.0589719288016571	0.903841316446879	chr19q
6285B	chr19	q	Loss	30.653273	2	33914441	33.914441	0.0589719288016571	0.903841316446879	chr19q
6285B	chr5	p	Gain	0.800201	1	48317879	48.317879	0.0206962726985595	0.01656117810966	chr5p
6285B	chr6	q	Loss	22.216318	1	112454080	112.45408	0.00889251861737698	0.197559021424567	chr6q
6285B	chr9	p	Loss	37.604325	1	46267185	46.267185	0.0216135907122943	0.812764489562095	chr9p
6298B	chr10	q	Gain	0.400471	1	94108943	94.108943	0.0106259826975211	0.00425539791685898	chr10q
6298B	chr12	p	Gain	33.23105	3	35911664	35.911664	0.0835383178011467	0.925355338588599	chr12p
6298B	chr12	p	Gain	33.23105	3	35911664	35.911664	0.0835383178011467	0.925355338588599	chr12p
6298B	chr12	p	Gain	33.23105	3	35911664	35.911664	0.0835383178011467	0.925355338588599	chr12p
6298B	chr14	q	Gain	0.801281	1	89761231	89.761231	0.0111406671773474	0.00892680493653212	chr14q
6298B	chr15	q	Gain	1.602465	1	82566565	82.566565	0.0121114400241793	0.0194081587383464	chr15q
6298B	chr17	q	Gain	0.200184	1	58587218	58.587218	0.017068569461687	0.00341685450911835	chr17q
6298B	chr20	q	Loss	0.600094	1	38197502	38.197502	0.0261797224331581	0.0157102943538036	chr20q
6298B	chr5	q	Gain	0.600151	1	133727560	133.72756	0.00747789012227547	0.00448786323477374	chr5q
6298B	chr7	q	Gain	51.253342	1	98502993	98.502993	0.0101519757881875	0.520322687047692	chr7q
6314E	chr1	p	Gain	21.816462	3	124048267	124.048267	0.0241841347126599	0.175870751987208	chr1p
6314E	chr1	p	Gain	21.816462	3	124048267	124.048267	0.0241841347126599	0.175870751987208	chr1p
6314E	chr1	p	Gain	21.816462	3	124048267	124.048267	0.0241841347126599	0.175870751987208	chr1p
6314E	chr1	p	Loss	1.601209	1	124048267	124.048267	0.00806137823755329	0.0129079513863745	chr1p
6314E	chr1	q	Gain	14.210722	1	124339061	124.339061	0.00804252494716845	0.114290086202276	chr1q
6314E	chr10	q	Gain	27.031729	4	94108943	94.108943	0.0425039307900844	0.28723868463808	chr10q
6314E	chr10	q	Gain	27.031729	4	94108943	94.108943	0.0425039307900844	0.28723868463808	chr10q
6314E	chr10	q	Gain	27.031729	4	94108943	94.108943	0.0425039307900844	0.28723868463808	chr10q
6314E	chr10	q	Gain	27.031729	4	94108943	94.108943	0.0425039307900844	0.28723868463808	chr10q
6314E	chr11	p	Gain	19.218219	5	52743313	52.743313	0.09479874728385	0.364372617245337	chr11p
6314E	chr11	p	Gain	19.218219	5	52743313	52.743313	0.09479874728385	0.364372617245337	chr11p
6314E	chr11	p	Gain	19.218219	5	52743313	52.743313	0.09479874728385	0.364372617245337	chr11p
6314E	chr11	p	Gain	19.218219	5	52743313	52.743313	0.09479874728385	0.364372617245337	chr11p
6314E	chr11	p	Gain	19.218219	5	52743313	52.743313	0.09479874728385	0.364372617245337	chr11p
6314E	chr11	p	Loss	4.003802	2	52743313	52.743313	0.03791949891354	0.0759110827945146	chr11p
6314E	chr11	p	Loss	4.003802	2	52743313	52.743313	0.03791949891354	0.0759110827945146	chr11p
6314E	chr12	q	Gain	12.411596	2	97412884	97.412884	0.0205311650561542	0.127412263043151	chr12q
6314E	chr12	q	Gain	12.411596	2	97412884	97.412884	0.0205311650561542	0.127412263043151	chr12q
6314E	chr12	q	Loss	5.605238	2	97412884	97.412884	0.0205311650561542	0.0575410332785138	chr12q
6314E	chr12	q	Loss	5.605238	2	97412884	97.412884	0.0205311650561542	0.0575410332785138	chr12q
6314E	chr13	q	Gain	57.284089	5	97043744	97.043744	0.0515231564025395	0.590291415384798	chr13q
6314E	chr13	q	Gain	57.284089	5	97043744	97.043744	0.0515231564025395	0.590291415384798	chr13q
6314E	chr13	q	Gain	57.284089	5	97043744	97.043744	0.0515231564025395	0.590291415384798	chr13q
6314E	chr13	q	Gain	57.284089	5	97043744	97.043744	0.0515231564025395	0.590291415384798	chr13q
6314E	chr13	q	Gain	57.284089	5	97043744	97.043744	0.0515231564025395	0.590291415384798	chr13q
6314E	chr14	q	Gain	30.248311	6	89761231	89.761231	0.0668440030640845	0.336986365527897	chr14q
6314E	chr14	q	Gain	30.248311	6	89761231	89.761231	0.0668440030640845	0.336986365527897	chr14q
6314E	chr14	q	Gain	30.248311	6	89761231	89.761231	0.0668440030640845	0.336986365527897	chr14q
6314E	chr14	q	Gain	30.248311	6	89761231	89.761231	0.0668440030640845	0.336986365527897	chr14q
6314E	chr14	q	Gain	30.248311	6	89761231	89.761231	0.0668440030640845	0.336986365527897	chr14q
6314E	chr14	q	Gain	30.248311	6	89761231	89.761231	0.0668440030640845	0.336986365527897	chr14q
6314E	chr15	q	Gain	8.212621	3	82566565	82.566565	0.0363343200725378	0.0994666666828153	chr15q
6314E	chr15	q	Gain	8.212621	3	82566565	82.566565	0.0363343200725378	0.0994666666828153	chr15q
6314E	chr15	q	Gain	8.212621	3	82566565	82.566565	0.0363343200725378	0.0994666666828153	chr15q
6314E	chr15	q	Loss	0.400617	1	82566565	82.566565	0.0121114400241793	0.00485204876816663	chr15q
6314E	chr16	p	Loss	4.405971	2	36838903	36.838903	0.0542904331326044	0.119601036979847	chr16p
6314E	chr16	p	Loss	4.405971	2	36838903	36.838903	0.0542904331326044	0.119601036979847	chr16p
6314E	chr16	q	Gain	6.008131	1	59491471	59.491471	0.01680913218636	0.100991468171967	chr16q
6314E	chr18	p	Gain	3.806747	2	18449624	18.449624	0.108403293205325	0.206331955599746	chr18p
6314E	chr18	p	Gain	3.806747	2	18449624	18.449624	0.108403293205325	0.206331955599746	chr18p
6314E	chr18	q	Gain	40.671971	4	62092914	62.092914	0.0644195890049547	0.655017913960359	chr18q
6314E	chr18	q	Gain	40.671971	4	62092914	62.092914	0.0644195890049547	0.655017913960359	chr18q
6314E	chr18	q	Gain	40.671971	4	62092914	62.092914	0.0644195890049547	0.655017913960359	chr18q
6314E	chr18	q	Gain	40.671971	4	62092914	62.092914	0.0644195890049547	0.655017913960359	chr18q
6314E	chr19	p	Loss	19.233506	2	27792923	27.792923	0.0719607649760337	0.692028902465566	chr19p
6314E	chr19	p	Loss	19.233506	2	27792923	27.792923	0.0719607649760337	0.692028902465566	chr19p
6314E	chr19	q	Loss	8.013922	2	33914441	33.914441	0.0589719288016571	0.236298218803017	chr19q
6314E	chr19	q	Loss	8.013922	2	33914441	33.914441	0.0589719288016571	0.236298218803017	chr19q
6314E	chr2	p	Gain	22.408964	4	93503283	93.503283	0.0427792465853846	0.239659649169752	chr2p
6314E	chr2	p	Gain	22.408964	4	93503283	93.503283	0.0427792465853846	0.239659649169752	chr2p
6314E	chr2	p	Gain	22.408964	4	93503283	93.503283	0.0427792465853846	0.239659649169752	chr2p
6314E	chr2	p	Gain	22.408964	4	93503283	93.503283	0.0427792465853846	0.239659649169752	chr2p
6314E	chr2	q	Gain	72.028706	9	149193469	149.193469	0.0603243564234035	0.482787259273394	chr2q
6314E	chr2	q	Gain	72.028706	9	149193469	149.193469	0.0603243564234035	0.482787259273394	chr2q
6314E	chr2	q	Gain	72.028706	9	149193469	149.193469	0.0603243564234035	0.482787259273394	chr2q
6314E	chr2	q	Gain	72.028706	9	149193469	149.193469	0.0603243564234035	0.482787259273394	chr2q
6314E	chr2	q	Gain	72.028706	9	149193469	149.193469	0.0603243564234035	0.482787259273394	chr2q
6314E	chr2	q	Gain	72.028706	9	149193469	149.193469	0.0603243564234035	0.482787259273394	chr2q
6314E	chr2	q	Gain	72.028706	9	149193469	149.193469	0.0603243564234035	0.482787259273394	chr2q
6314E	chr2	q	Gain	72.028706	9	149193469	149.193469	0.0603243564234035	0.482787259273394	chr2q
6314E	chr2	q	Gain	72.028706	9	149193469	149.193469	0.0603243564234035	0.482787259273394	chr2q
6314E	chr22	q	Loss	2.806833	1	37075304	37.075304	0.0269721321772574	0.0757062706754879	chr22q
6314E	chr3	p	Gain	21.411346	4	94076514	94.076514	0.0425185822680462	0.22759501909265	chr3p
6314E	chr3	p	Gain	21.411346	4	94076514	94.076514	0.0425185822680462	0.22759501909265	chr3p
6314E	chr3	p	Gain	21.411346	4	94076514	94.076514	0.0425185822680462	0.22759501909265	chr3p
6314E	chr3	p	Gain	21.411346	4	94076514	94.076514	0.0425185822680462	0.22759501909265	chr3p
6314E	chr3	q	Gain	1.800946	1	107029434	107.029434	0.0093432242199842	0.0168266422860837	chr3q
6314E	chr4	p	Gain	16.014482	2	52452474	52.452474	0.0381297553286047	0.305314140187172	chr4p
6314E	chr4	p	Gain	16.014482	2	52452474	52.452474	0.0381297553286047	0.305314140187172	chr4p
6314E	chr5	p	Gain	13.803451	1	48317879	48.317879	0.0206962726985595	0.285679986077203	chr5p
6314E	chr5	q	Gain	62.215555	5	133727560	133.72756	0.0373894506113773	0.465241084186386	chr5q
6314E	chr5	q	Gain	62.215555	5	133727560	133.72756	0.0373894506113773	0.465241084186386	chr5q
6314E	chr5	q	Gain	62.215555	5	133727560	133.72756	0.0373894506113773	0.465241084186386	chr5q
6314E	chr5	q	Gain	62.215555	5	133727560	133.72756	0.0373894506113773	0.465241084186386	chr5q
6314E	chr5	q	Gain	62.215555	5	133727560	133.72756	0.0373894506113773	0.465241084186386	chr5q
6314E	chr6	q	Gain	44.432637	3	112454080	112.45408	0.0266775558521309	0.395118051741653	chr6q
6314E	chr6	q	Gain	44.432637	3	112454080	112.45408	0.0266775558521309	0.395118051741653	chr6q
6314E	chr6	q	Gain	44.432637	3	112454080	112.45408	0.0266775558521309	0.395118051741653	chr6q
6314E	chr7	p	Gain	12.012541	1	62064435	62.064435	0.0161122871738057	0.193549510279116	chr7p
6314E	chr7	p	Loss	4.805018	2	62064435	62.064435	0.0322245743476115	0.0774198298913057	chr7p
6314E	chr7	p	Loss	4.805018	2	62064435	62.064435	0.0322245743476115	0.0774198298913057	chr7p
6314E	chr7	q	Gain	44.045927	3	98502993	98.502993	0.0304559273645624	0.447153184472273	chr7q
6314E	chr7	q	Gain	44.045927	3	98502993	98.502993	0.0304559273645624	0.447153184472273	chr7q
6314E	chr7	q	Gain	44.045927	3	98502993	98.502993	0.0304559273645624	0.447153184472273	chr7q
6314E	chr7	q	Loss	3.203345	1	98502993	98.502993	0.0101519757881875	0.0325202808812114	chr7q
6314E	chr8	q	Gain	3.001216	1	100988875	100.988875	0.0099020807985038	0.0297182833257624	chr8q
6314E	chr9	p	Loss	0.400047	1	46267185	46.267185	0.0216135907122943	0.00864645212368118	chr9p
6314E	chr9	q	Gain	5.2006	2	104350062	104.350062	0.0191662559817166	0.0498380154292577	chr9q
6314E	chr9	q	Gain	5.2006	2	104350062	104.350062	0.0191662559817166	0.0498380154292577	chr9q
6324B	chr1	q	Loss	0.400303	1	124339061	124.339061	0.00804252494716845	0.00321944686392637	chr1q
6324B	chr11	q	Gain	8.007561	1	82384456	82.384456	0.0121382120918538	0.0971974737564572	chr11q
6324B	chr14	q	Gain	0.400641	1	89761231	89.761231	0.0111406671773474	0.00446340803859965	chr14q
6324B	chr15	q	Gain	2.003081	1	82566565	82.566565	0.0121114400241793	0.0242601953950731	chr15q
6324B	chr17	p	Gain	0.800733	1	25689679	25.689679	0.0389261383919978	0.0311694435730396	chr17p
6324B	chr17	q	Gain	0.200184	1	58587218	58.587218	0.017068569461687	0.00341685450911835	chr17q
6324B	chr21	q	Loss	9.819748	1	33956153	33.956153	0.0294497436149496	0.289189060963414	chr21q
6324B	chr7	q	Gain	86.690314	5	98502993	98.502993	0.0507598789409374	0.880077968798369	chr7q
6324B	chr7	q	Gain	86.690314	5	98502993	98.502993	0.0507598789409374	0.880077968798369	chr7q
6324B	chr7	q	Gain	86.690314	5	98502993	98.502993	0.0507598789409374	0.880077968798369	chr7q
6324B	chr7	q	Gain	86.690314	5	98502993	98.502993	0.0507598789409374	0.880077968798369	chr7q
6324B	chr7	q	Gain	86.690314	5	98502993	98.502993	0.0507598789409374	0.880077968798369	chr7q
6324B	chr9	q	Loss	0.200024	1	104350062	104.350062	0.00958312799085831	0.00191685559324344	chr9q
6365A	chr1	q	Loss	1.200907	1	124339061	124.339061	0.00804252494716845	0.00965832450672922	chr1q
6365A	chr10	q	Loss	3.403996	1	94108943	94.108943	0.0106259826975211	0.0361708025984311	chr10q
6365A	chr11	q	Gain	14.41361	2	82384456	82.384456	0.0242764241837077	0.174955455189265	chr11q
6365A	chr11	q	Gain	14.41361	2	82384456	82.384456	0.0242764241837077	0.174955455189265	chr11q
6365A	chr14	q	Gain	0.801281	1	89761231	89.761231	0.0111406671773474	0.00892680493653212	chr14q
6365A	chr14	q	Loss	41.466139	4	89761231	89.761231	0.0445626687093897	0.461960453728626	chr14q
6365A	chr14	q	Loss	41.466139	4	89761231	89.761231	0.0445626687093897	0.461960453728626	chr14q
6365A	chr14	q	Loss	41.466139	4	89761231	89.761231	0.0445626687093897	0.461960453728626	chr14q
6365A	chr14	q	Loss	41.466139	4	89761231	89.761231	0.0445626687093897	0.461960453728626	chr14q
6365A	chr15	q	Gain	57.88883	4	82566565	82.566565	0.0484457600967171	0.70111709261491	chr15q
6365A	chr15	q	Gain	57.88883	4	82566565	82.566565	0.0484457600967171	0.70111709261491	chr15q
6365A	chr15	q	Gain	57.88883	4	82566565	82.566565	0.0484457600967171	0.70111709261491	chr15q
6365A	chr15	q	Gain	57.88883	4	82566565	82.566565	0.0484457600967171	0.70111709261491	chr15q
6365A	chr19	q	Loss	31.25432	2	33914441	33.914441	0.0589719288016571	0.921563766892104	chr19q
6365A	chr19	q	Loss	31.25432	2	33914441	33.914441	0.0589719288016571	0.921563766892104	chr19q
6365A	chr4	q	Loss	0.600541	1	141122471	141.122471	0.00708604372439029	0.00425545978428907	chr4q
6365A	chr5	q	Gain	0.600151	1	133727560	133.72756	0.00747789012227547	0.00448786323477374	chr5q
6365A	chr6	q	Loss	100.874089	1	112454080	112.45408	0.00889251861737698	0.897024714443442	chr6q
6365A	chr7	q	Gain	58.460841	1	98502993	98.502993	0.0101519757881875	0.593493042389077	chr7q
6365A	chr9	p	Loss	3.000346	1	46267185	46.267185	0.0216135907122943	0.0648482504392692	chr9p
6365A	chr9	q	Gain	2.000231	1	104350062	104.350062	0.00958312799085831	0.0191684696842825	chr9q
6414C	chr1	q	Loss	60.645699	6	124339061	124.339061	0.0482551496830107	0.487744547145969	chr1q
6414C	chr1	q	Loss	60.645699	6	124339061	124.339061	0.0482551496830107	0.487744547145969	chr1q
6414C	chr1	q	Loss	60.645699	6	124339061	124.339061	0.0482551496830107	0.487744547145969	chr1q
6414C	chr1	q	Loss	60.645699	6	124339061	124.339061	0.0482551496830107	0.487744547145969	chr1q
6414C	chr1	q	Loss	60.645699	6	124339061	124.339061	0.0482551496830107	0.487744547145969	chr1q
6414C	chr1	q	Loss	60.645699	6	124339061	124.339061	0.0482551496830107	0.487744547145969	chr1q
6414C	chr10	q	Gain	1.601881	1	94108943	94.108943	0.0106259826975211	0.0170215597894878	chr10q
6414C	chr10	q	Loss	2.402818	2	94108943	94.108943	0.0212519653950422	0.0255323024932923	chr10q
6414C	chr10	q	Loss	2.402818	2	94108943	94.108943	0.0212519653950422	0.0255323024932923	chr10q
6414C	chr14	q	Gain	0.801281	1	89761231	89.761231	0.0111406671773474	0.00892680493653212	chr14q
6414C	chr15	q	Gain	9.013827	4	82566565	82.566565	0.0484457600967171	0.109170425098828	chr15q
6414C	chr15	q	Gain	9.013827	4	82566565	82.566565	0.0484457600967171	0.109170425098828	chr15q
6414C	chr15	q	Gain	9.013827	4	82566565	82.566565	0.0484457600967171	0.109170425098828	chr15q
6414C	chr15	q	Gain	9.013827	4	82566565	82.566565	0.0484457600967171	0.109170425098828	chr15q
6414C	chr17	q	Gain	21.019126	1	58587218	58.587218	0.017068569461687	0.358766412154952	chr17q
6414C	chr18	p	Gain	1.402486	1	18449624	18.449624	0.0542016466026625	0.0760170505371817	chr18p
6414C	chr18	q	Loss	46.081545	1	62092914	62.092914	0.0161048972512387	0.742138547403332	chr18q
6414C	chr19	q	Loss	21.036566	3	33914441	33.914441	0.0884578932024856	0.62028343619168	chr19q
6414C	chr19	q	Loss	21.036566	3	33914441	33.914441	0.0884578932024856	0.62028343619168	chr19q
6414C	chr19	q	Loss	21.036566	3	33914441	33.914441	0.0884578932024856	0.62028343619168	chr19q
6414C	chr2	q	Loss	10.003951	1	149193469	149.193469	0.00670270626926705	0.0670535450851404	chr2q
6414C	chr20	q	Loss	0.600094	1	38197502	38.197502	0.0261797224331581	0.0157102943538036	chr20q
6414C	chr4	q	Loss	52.847707	2	141122471	141.122471	0.0141720874487806	0.374481162535767	chr4q
6414C	chr4	q	Loss	52.847707	2	141122471	141.122471	0.0141720874487806	0.374481162535767	chr4q
6414C	chr5	p	Loss	0.200051	1	48317879	48.317879	0.0206962726985595	0.00414031004961952	chr5p
6414C	chr5	q	Loss	11.8029	2	133727560	133.72756	0.0149557802445509	0.0882607893242051	chr5q
6414C	chr5	q	Loss	11.8029	2	133727560	133.72756	0.0149557802445509	0.0882607893242051	chr5q
6414C	chr6	p	Loss	16.211989	1	59672548	59.672548	0.0167581246907707	0.271682533147403	chr6p
6414C	chr6	q	Loss	66.048514	4	112454080	112.45408	0.0355700744695079	0.587337640395084	chr6q
6414C	chr6	q	Loss	66.048514	4	112454080	112.45408	0.0355700744695079	0.587337640395084	chr6q
6414C	chr6	q	Loss	66.048514	4	112454080	112.45408	0.0355700744695079	0.587337640395084	chr6q
6414C	chr6	q	Loss	66.048514	4	112454080	112.45408	0.0355700744695079	0.587337640395084	chr6q
6414C	chr8	q	Gain	63.825848	9	100988875	100.988875	0.0891187271865342	0.632008703929022	chr8q
6414C	chr8	q	Gain	63.825848	9	100988875	100.988875	0.0891187271865342	0.632008703929022	chr8q
6414C	chr8	q	Gain	63.825848	9	100988875	100.988875	0.0891187271865342	0.632008703929022	chr8q
6414C	chr8	q	Gain	63.825848	9	100988875	100.988875	0.0891187271865342	0.632008703929022	chr8q
6414C	chr8	q	Gain	63.825848	9	100988875	100.988875	0.0891187271865342	0.632008703929022	chr8q
6414C	chr8	q	Gain	63.825848	9	100988875	100.988875	0.0891187271865342	0.632008703929022	chr8q
6414C	chr8	q	Gain	63.825848	9	100988875	100.988875	0.0891187271865342	0.632008703929022	chr8q
6414C	chr8	q	Gain	63.825848	9	100988875	100.988875	0.0891187271865342	0.632008703929022	chr8q
6414C	chr8	q	Gain	63.825848	9	100988875	100.988875	0.0891187271865342	0.632008703929022	chr8q
6414C	chr9	p	Loss	24.60283	1	46267185	46.267185	0.0216135907122943	0.531755497984154	chr9p
6414C	chr9	q	Gain	0.200024	1	104350062	104.350062	0.00958312799085831	0.00191685559324344	chr9q
6423A	chr1	p	Gain	60.245457	6	124048267	124.048267	0.0483682694253197	0.485661415971253	chr1p
6423A	chr1	p	Gain	60.245457	6	124048267	124.048267	0.0483682694253197	0.485661415971253	chr1p
6423A	chr1	p	Gain	60.245457	6	124048267	124.048267	0.0483682694253197	0.485661415971253	chr1p
6423A	chr1	p	Gain	60.245457	6	124048267	124.048267	0.0483682694253197	0.485661415971253	chr1p
6423A	chr1	p	Gain	60.245457	6	124048267	124.048267	0.0483682694253197	0.485661415971253	chr1p
6423A	chr1	p	Gain	60.245457	6	124048267	124.048267	0.0483682694253197	0.485661415971253	chr1p
6423A	chr1	q	Gain	48.036245	5	124339061	124.339061	0.0402126247358423	0.386332698780796	chr1q
6423A	chr1	q	Gain	48.036245	5	124339061	124.339061	0.0402126247358423	0.386332698780796	chr1q
6423A	chr1	q	Gain	48.036245	5	124339061	124.339061	0.0402126247358423	0.386332698780796	chr1q
6423A	chr1	q	Gain	48.036245	5	124339061	124.339061	0.0402126247358423	0.386332698780796	chr1q
6423A	chr1	q	Gain	48.036245	5	124339061	124.339061	0.0402126247358423	0.386332698780796	chr1q
6423A	chr10	p	Gain	10.211987	2	40649191	40.649191	0.0492014711928707	0.251222392101235	chr10p
6423A	chr10	p	Gain	10.211987	2	40649191	40.649191	0.0492014711928707	0.251222392101235	chr10p
6423A	chr11	p	Gain	33.031327	4	52743313	52.743313	0.07583899782708	0.626265684144642	chr11p
6423A	chr11	p	Gain	33.031327	4	52743313	52.743313	0.07583899782708	0.626265684144642	chr11p
6423A	chr11	p	Gain	33.031327	4	52743313	52.743313	0.07583899782708	0.626265684144642	chr11p
6423A	chr11	p	Gain	33.031327	4	52743313	52.743313	0.07583899782708	0.626265684144642	chr11p
6423A	chr11	q	Gain	48.445744	6	82384456	82.384456	0.072829272551123	0.588044715619655	chr11q
6423A	chr11	q	Gain	48.445744	6	82384456	82.384456	0.072829272551123	0.588044715619655	chr11q
6423A	chr11	q	Gain	48.445744	6	82384456	82.384456	0.072829272551123	0.588044715619655	chr11q
6423A	chr11	q	Gain	48.445744	6	82384456	82.384456	0.072829272551123	0.588044715619655	chr11q
6423A	chr11	q	Gain	48.445744	6	82384456	82.384456	0.072829272551123	0.588044715619655	chr11q
6423A	chr11	q	Gain	48.445744	6	82384456	82.384456	0.072829272551123	0.588044715619655	chr11q
6423A	chr12	p	Gain	17.015898	3	35911664	35.911664	0.0835383178011467	0.473826498265299	chr12p
6423A	chr12	p	Gain	17.015898	3	35911664	35.911664	0.0835383178011467	0.473826498265299	chr12p
6423A	chr12	p	Gain	17.015898	3	35911664	35.911664	0.0835383178011467	0.473826498265299	chr12p
6423A	chr12	q	Gain	40.838152	4	97412884	97.412884	0.0410623301123083	0.419227419650156	chr12q
6423A	chr12	q	Gain	40.838152	4	97412884	97.412884	0.0410623301123083	0.419227419650156	chr12q
6423A	chr12	q	Gain	40.838152	4	97412884	97.412884	0.0410623301123083	0.419227419650156	chr12q
6423A	chr12	q	Gain	40.838152	4	97412884	97.412884	0.0410623301123083	0.419227419650156	chr12q
6423A	chr13	q	Gain	51.275269	5	97043744	97.043744	0.0515231564025395	0.528372740853857	chr13q
6423A	chr13	q	Gain	51.275269	5	97043744	97.043744	0.0515231564025395	0.528372740853857	chr13q
6423A	chr13	q	Gain	51.275269	5	97043744	97.043744	0.0515231564025395	0.528372740853857	chr13q
6423A	chr13	q	Gain	51.275269	5	97043744	97.043744	0.0515231564025395	0.528372740853857	chr13q
6423A	chr13	q	Gain	51.275269	5	97043744	97.043744	0.0515231564025395	0.528372740853857	chr13q
6423A	chr14	q	Gain	0.801281	1	89761231	89.761231	0.0111406671773474	0.00892680493653212	chr14q
6423A	chr14	q	Loss	1.201922	2	89761231	89.761231	0.0222813343546948	0.0133902129751318	chr14q
6423A	chr14	q	Loss	1.201922	2	89761231	89.761231	0.0222813343546948	0.0133902129751318	chr14q
6423A	chr15	q	Gain	1.602465	1	82566565	82.566565	0.0121114400241793	0.0194081587383464	chr15q
6423A	chr15	q	Loss	0.801229	1	82566565	82.566565	0.0121114400241793	0.00970403697913314	chr15q
6423A	chr16	p	Loss	8.010864	2	36838903	36.838903	0.0542904331326044	0.217456638163194	chr16p
6423A	chr16	p	Loss	8.010864	2	36838903	36.838903	0.0542904331326044	0.217456638163194	chr16p
6423A	chr16	q	Loss	4.205692	1	59491471	59.491471	0.01680913218636	0.0706940327631166	chr16q
6423A	chr17	q	Gain	10.609674	3	58587218	58.587218	0.0512057083850611	0.181091957634855	chr17q
6423A	chr17	q	Gain	10.609674	3	58587218	58.587218	0.0512057083850611	0.181091957634855	chr17q
6423A	chr17	q	Gain	10.609674	3	58587218	58.587218	0.0512057083850611	0.181091957634855	chr17q
6423A	chr19	p	Loss	19.433854	1	27792923	27.792923	0.0359803824880168	0.699237500136276	chr19p
6423A	chr19	q	Loss	24.041767	2	33914441	33.914441	0.0589719288016571	0.708894685895015	chr19q
6423A	chr19	q	Loss	24.041767	2	33914441	33.914441	0.0589719288016571	0.708894685895015	chr19q
6423A	chr21	q	Gain	2.204434	1	33956153	33.956153	0.0294497436149496	0.0649200161160777	chr21q
6423A	chr22	q	Gain	1.202929	1	37075304	37.075304	0.0269721321772574	0.0324455599878561	chr22q
6423A	chr3	p	Loss	3.201697	1	94076514	94.076514	0.0106296455670115	0.0340329043229642	chr3p
6423A	chr4	p	Loss	1.601449	1	52452474	52.452474	0.0190648776643024	0.0305314292706193	chr4p
6423A	chr5	p	Loss	1.000251	1	48317879	48.317879	0.0206962726985595	0.0207014674630068	chr5p
6423A	chr5	q	Loss	2.400602	2	133727560	133.72756	0.0149557802445509	0.0179514379833147	chr5q
6423A	chr5	q	Loss	2.400602	2	133727560	133.72756	0.0149557802445509	0.0179514379833147	chr5q
6423A	chr7	p	Gain	48.050168	8	62064435	62.064435	0.128898297390446	0.774198105565611	chr7p
6423A	chr7	p	Gain	48.050168	8	62064435	62.064435	0.128898297390446	0.774198105565611	chr7p
6423A	chr7	p	Gain	48.050168	8	62064435	62.064435	0.128898297390446	0.774198105565611	chr7p
6423A	chr7	p	Gain	48.050168	8	62064435	62.064435	0.128898297390446	0.774198105565611	chr7p
6423A	chr7	p	Gain	48.050168	8	62064435	62.064435	0.128898297390446	0.774198105565611	chr7p
6423A	chr7	p	Gain	48.050168	8	62064435	62.064435	0.128898297390446	0.774198105565611	chr7p
6423A	chr7	p	Gain	48.050168	8	62064435	62.064435	0.128898297390446	0.774198105565611	chr7p
6423A	chr7	p	Gain	48.050168	8	62064435	62.064435	0.128898297390446	0.774198105565611	chr7p
6423A	chr7	q	Gain	76.279473	14	98502993	98.502993	0.142127661034625	0.7743873630317	chr7q
6423A	chr7	q	Gain	76.279473	14	98502993	98.502993	0.142127661034625	0.7743873630317	chr7q
6423A	chr7	q	Gain	76.279473	14	98502993	98.502993	0.142127661034625	0.7743873630317	chr7q
6423A	chr7	q	Gain	76.279473	14	98502993	98.502993	0.142127661034625	0.7743873630317	chr7q
6423A	chr7	q	Gain	76.279473	14	98502993	98.502993	0.142127661034625	0.7743873630317	chr7q
6423A	chr7	q	Gain	76.279473	14	98502993	98.502993	0.142127661034625	0.7743873630317	chr7q
6423A	chr7	q	Gain	76.279473	14	98502993	98.502993	0.142127661034625	0.7743873630317	chr7q
6423A	chr7	q	Gain	76.279473	14	98502993	98.502993	0.142127661034625	0.7743873630317	chr7q
6423A	chr7	q	Gain	76.279473	14	98502993	98.502993	0.142127661034625	0.7743873630317	chr7q
6423A	chr7	q	Gain	76.279473	14	98502993	98.502993	0.142127661034625	0.7743873630317	chr7q
6423A	chr7	q	Gain	76.279473	14	98502993	98.502993	0.142127661034625	0.7743873630317	chr7q
6423A	chr7	q	Gain	76.279473	14	98502993	98.502993	0.142127661034625	0.7743873630317	chr7q
6423A	chr7	q	Gain	76.279473	14	98502993	98.502993	0.142127661034625	0.7743873630317	chr7q
6423A	chr7	q	Gain	76.279473	14	98502993	98.502993	0.142127661034625	0.7743873630317	chr7q
6423A	chr8	p	Gain	34.814209	8	45270456	45.270456	0.176715692901348	0.769027133280919	chr8p
6423A	chr8	p	Gain	34.814209	8	45270456	45.270456	0.176715692901348	0.769027133280919	chr8p
6423A	chr8	p	Gain	34.814209	8	45270456	45.270456	0.176715692901348	0.769027133280919	chr8p
6423A	chr8	p	Gain	34.814209	8	45270456	45.270456	0.176715692901348	0.769027133280919	chr8p
6423A	chr8	p	Gain	34.814209	8	45270456	45.270456	0.176715692901348	0.769027133280919	chr8p
6423A	chr8	p	Gain	34.814209	8	45270456	45.270456	0.176715692901348	0.769027133280919	chr8p
6423A	chr8	p	Gain	34.814209	8	45270456	45.270456	0.176715692901348	0.769027133280919	chr8p
6423A	chr8	p	Gain	34.814209	8	45270456	45.270456	0.176715692901348	0.769027133280919	chr8p
6423A	chr8	q	Gain	92.837598	14	100988875	100.988875	0.138629131179053	0.919285396535014	chr8q
6423A	chr8	q	Gain	92.837598	14	100988875	100.988875	0.138629131179053	0.919285396535014	chr8q
6423A	chr8	q	Gain	92.837598	14	100988875	100.988875	0.138629131179053	0.919285396535014	chr8q
6423A	chr8	q	Gain	92.837598	14	100988875	100.988875	0.138629131179053	0.919285396535014	chr8q
6423A	chr8	q	Gain	92.837598	14	100988875	100.988875	0.138629131179053	0.919285396535014	chr8q
6423A	chr8	q	Gain	92.837598	14	100988875	100.988875	0.138629131179053	0.919285396535014	chr8q
6423A	chr8	q	Gain	92.837598	14	100988875	100.988875	0.138629131179053	0.919285396535014	chr8q
6423A	chr8	q	Gain	92.837598	14	100988875	100.988875	0.138629131179053	0.919285396535014	chr8q
6423A	chr8	q	Gain	92.837598	14	100988875	100.988875	0.138629131179053	0.919285396535014	chr8q
6423A	chr8	q	Gain	92.837598	14	100988875	100.988875	0.138629131179053	0.919285396535014	chr8q
6423A	chr8	q	Gain	92.837598	14	100988875	100.988875	0.138629131179053	0.919285396535014	chr8q
6423A	chr8	q	Gain	92.837598	14	100988875	100.988875	0.138629131179053	0.919285396535014	chr8q
6423A	chr8	q	Gain	92.837598	14	100988875	100.988875	0.138629131179053	0.919285396535014	chr8q
6423A	chr8	q	Gain	92.837598	14	100988875	100.988875	0.138629131179053	0.919285396535014	chr8q
6423A	chr9	q	Loss	3.600401	3	104350062	104.350062	0.0287493839725749	0.0345031036014143	chr9q
6423A	chr9	q	Loss	3.600401	3	104350062	104.350062	0.0287493839725749	0.0345031036014143	chr9q
6423A	chr9	q	Loss	3.600401	3	104350062	104.350062	0.0287493839725749	0.0345031036014143	chr9q
6436B	chr10	p	Gain	16.619511	6	40649191	40.649191	0.147604413578612	0.408852195853049	chr10p
6436B	chr10	p	Gain	16.619511	6	40649191	40.649191	0.147604413578612	0.408852195853049	chr10p
6436B	chr10	p	Gain	16.619511	6	40649191	40.649191	0.147604413578612	0.408852195853049	chr10p
6436B	chr10	p	Gain	16.619511	6	40649191	40.649191	0.147604413578612	0.408852195853049	chr10p
6436B	chr10	p	Gain	16.619511	6	40649191	40.649191	0.147604413578612	0.408852195853049	chr10p
6436B	chr10	p	Gain	16.619511	6	40649191	40.649191	0.147604413578612	0.408852195853049	chr10p
6436B	chr11	q	Gain	1.000946	1	82384456	82.384456	0.0121382120918538	0.0121496948404927	chr11q
6436B	chr14	q	Gain	0.400641	1	89761231	89.761231	0.0111406671773474	0.00446340803859965	chr14q
6436B	chr17	q	Loss	1.601457	1	58587218	58.587218	0.017068569461687	0.0273345800444049	chr17q
6436B	chr21	q	Loss	4.008061	1	33956153	33.956153	0.0294497436149496	0.118036368843078	chr21q
6436B	chr3	q	Gain	56.82983	10	107029434	107.029434	0.093432242199842	0.530973844073584	chr3q
6436B	chr3	q	Gain	56.82983	10	107029434	107.029434	0.093432242199842	0.530973844073584	chr3q
6436B	chr3	q	Gain	56.82983	10	107029434	107.029434	0.093432242199842	0.530973844073584	chr3q
6436B	chr3	q	Gain	56.82983	10	107029434	107.029434	0.093432242199842	0.530973844073584	chr3q
6436B	chr3	q	Gain	56.82983	10	107029434	107.029434	0.093432242199842	0.530973844073584	chr3q
6436B	chr3	q	Gain	56.82983	10	107029434	107.029434	0.093432242199842	0.530973844073584	chr3q
6436B	chr3	q	Gain	56.82983	10	107029434	107.029434	0.093432242199842	0.530973844073584	chr3q
6436B	chr3	q	Gain	56.82983	10	107029434	107.029434	0.093432242199842	0.530973844073584	chr3q
6436B	chr3	q	Gain	56.82983	10	107029434	107.029434	0.093432242199842	0.530973844073584	chr3q
6436B	chr3	q	Gain	56.82983	10	107029434	107.029434	0.093432242199842	0.530973844073584	chr3q
6436B	chr4	p	Gain	26.824256	2	52452474	52.452474	0.0381297553286047	0.511401159075928	chr4p
6436B	chr4	p	Gain	26.824256	2	52452474	52.452474	0.0381297553286047	0.511401159075928	chr4p
6436B	chr5	q	Loss	0.400101	1	133727560	133.72756	0.00747789012227547	0.00299191131581254	chr5q
6436B	chr8	q	Gain	25.41029	3	100988875	100.988875	0.0297062423955114	0.251614744693413	chr8q
6436B	chr8	q	Gain	25.41029	3	100988875	100.988875	0.0297062423955114	0.251614744693413	chr8q
6436B	chr8	q	Gain	25.41029	3	100988875	100.988875	0.0297062423955114	0.251614744693413	chr8q
6436B	chr9	q	Gain	0.200024	1	104350062	104.350062	0.00958312799085831	0.00191685559324344	chr9q
6439C	chr1	q	Loss	0.400303	1	124339061	124.339061	0.00804252494716845	0.00321944686392637	chr1q
6439C	chr11	p	Loss	44.84253	3	52743313	52.743313	0.05687924837031	0.850203133807692	chr11p
6439C	chr11	p	Loss	44.84253	3	52743313	52.743313	0.05687924837031	0.850203133807692	chr11p
6439C	chr11	p	Loss	44.84253	3	52743313	52.743313	0.05687924837031	0.850203133807692	chr11p
6439C	chr12	q	Loss	10.009352	2	97412884	97.412884	0.0205311650561542	0.102751829008573	chr12q
6439C	chr12	q	Loss	10.009352	2	97412884	97.412884	0.0205311650561542	0.102751829008573	chr12q
6439C	chr14	q	Gain	0.801281	1	89761231	89.761231	0.0111406671773474	0.00892680493653212	chr14q
6439C	chr15	q	Gain	1.602465	1	82566565	82.566565	0.0121114400241793	0.0194081587383464	chr15q
6439C	chr8	q	Gain	82.033217	7	100988875	100.988875	0.0693145655895266	0.812299542895195	chr8q
6439C	chr8	q	Gain	82.033217	7	100988875	100.988875	0.0693145655895266	0.812299542895195	chr8q
6439C	chr8	q	Gain	82.033217	7	100988875	100.988875	0.0693145655895266	0.812299542895195	chr8q
6439C	chr8	q	Gain	82.033217	7	100988875	100.988875	0.0693145655895266	0.812299542895195	chr8q
6439C	chr8	q	Gain	82.033217	7	100988875	100.988875	0.0693145655895266	0.812299542895195	chr8q
6439C	chr8	q	Gain	82.033217	7	100988875	100.988875	0.0693145655895266	0.812299542895195	chr8q
6439C	chr8	q	Gain	82.033217	7	100988875	100.988875	0.0693145655895266	0.812299542895195	chr8q
6478A	chr10	p	Gain	20.824448	8	40649191	40.649191	0.196805884771483	0.512296739189717	chr10p
6478A	chr10	p	Gain	20.824448	8	40649191	40.649191	0.196805884771483	0.512296739189717	chr10p
6478A	chr10	p	Gain	20.824448	8	40649191	40.649191	0.196805884771483	0.512296739189717	chr10p
6478A	chr10	p	Gain	20.824448	8	40649191	40.649191	0.196805884771483	0.512296739189717	chr10p
6478A	chr10	p	Gain	20.824448	8	40649191	40.649191	0.196805884771483	0.512296739189717	chr10p
6478A	chr10	p	Gain	20.824448	8	40649191	40.649191	0.196805884771483	0.512296739189717	chr10p
6478A	chr10	p	Gain	20.824448	8	40649191	40.649191	0.196805884771483	0.512296739189717	chr10p
6478A	chr10	p	Gain	20.824448	8	40649191	40.649191	0.196805884771483	0.512296739189717	chr10p
6478A	chr11	p	Loss	49.246689	6	52743313	52.743313	0.11375849674062	0.933704885015471	chr11p
6478A	chr11	p	Loss	49.246689	6	52743313	52.743313	0.11375849674062	0.933704885015471	chr11p
6478A	chr11	p	Loss	49.246689	6	52743313	52.743313	0.11375849674062	0.933704885015471	chr11p
6478A	chr11	p	Loss	49.246689	6	52743313	52.743313	0.11375849674062	0.933704885015471	chr11p
6478A	chr11	p	Loss	49.246689	6	52743313	52.743313	0.11375849674062	0.933704885015471	chr11p
6478A	chr11	p	Loss	49.246689	6	52743313	52.743313	0.11375849674062	0.933704885015471	chr11p
6478A	chr11	q	Gain	57.654435	3	82384456	82.384456	0.0364146362755615	0.699821760066001	chr11q
6478A	chr11	q	Gain	57.654435	3	82384456	82.384456	0.0364146362755615	0.699821760066001	chr11q
6478A	chr11	q	Gain	57.654435	3	82384456	82.384456	0.0364146362755615	0.699821760066001	chr11q
6478A	chr12	p	Gain	30.228244	2	35911664	35.911664	0.0556922118674311	0.841738884614202	chr12p
6478A	chr12	p	Gain	30.228244	2	35911664	35.911664	0.0556922118674311	0.841738884614202	chr12p
6478A	chr14	q	Gain	0.400641	1	89761231	89.761231	0.0111406671773474	0.00446340803859965	chr14q
6478A	chr14	q	Loss	48.877982	5	89761231	89.761231	0.0557033358867371	0.544533329762378	chr14q
6478A	chr14	q	Loss	48.877982	5	89761231	89.761231	0.0557033358867371	0.544533329762378	chr14q
6478A	chr14	q	Loss	48.877982	5	89761231	89.761231	0.0557033358867371	0.544533329762378	chr14q
6478A	chr14	q	Loss	48.877982	5	89761231	89.761231	0.0557033358867371	0.544533329762378	chr14q
6478A	chr14	q	Loss	48.877982	5	89761231	89.761231	0.0557033358867371	0.544533329762378	chr14q
6478A	chr2	p	Loss	0.200081	1	93503283	93.503283	0.0106948116463462	0.00213982860901258	chr2p
6483C	chr11	p	Gain	2.402281	2	52743313	52.743313	0.03791949891354	0.0455466458847589	chr11p
6483C	chr11	p	Gain	2.402281	2	52743313	52.743313	0.03791949891354	0.0455466458847589	chr11p
6483C	chr11	p	Loss	13.612921	1	52743313	52.743313	0.01895974945677	0.258097571534803	chr11p
6483C	chr14	q	Gain	0.400641	1	89761231	89.761231	0.0111406671773474	0.00446340803859965	chr14q
6483C	chr15	q	Gain	2.604005	1	82566565	82.566565	0.0121114400241793	0.031538250380163	chr15q
6483C	chr17	q	Gain	3.202913	1	58587218	58.587218	0.017068569461687	0.0546691430202404	chr17q
6483C	chr19	p	Gain	0.801397	1	27792923	27.792923	0.0359803824880168	0.0288345705847492	chr19p
6483C	chr2	q	Gain	1.600641	1	149193469	149.193469	0.00670270626926705	0.0107286264655459	chr2q
6483C	chr21	q	Gain	6.012091	1	33956153	33.956153	0.0294497436149496	0.177054538539746	chr21q
6483C	chr21	q	Loss	12.825796	4	33956153	33.956153	0.117798974459798	0.377716403857645	chr21q
6483C	chr21	q	Loss	12.825796	4	33956153	33.956153	0.117798974459798	0.377716403857645	chr21q
6483C	chr21	q	Loss	12.825796	4	33956153	33.956153	0.117798974459798	0.377716403857645	chr21q
6483C	chr21	q	Loss	12.825796	4	33956153	33.956153	0.117798974459798	0.377716403857645	chr21q
6483C	chr5	q	Gain	0.200051	1	133727560	133.72756	0.00747789012227547	0.00149595939685133	chr5q
6483C	chr8	q	Gain	41.01661	5	100988875	100.988875	0.049510403992519	0.406149786300719	chr8q
6483C	chr8	q	Gain	41.01661	5	100988875	100.988875	0.049510403992519	0.406149786300719	chr8q
6483C	chr8	q	Gain	41.01661	5	100988875	100.988875	0.049510403992519	0.406149786300719	chr8q
6483C	chr8	q	Gain	41.01661	5	100988875	100.988875	0.049510403992519	0.406149786300719	chr8q
6483C	chr8	q	Gain	41.01661	5	100988875	100.988875	0.049510403992519	0.406149786300719	chr8q
6500D	chr14	q	Gain	0.400641	1	89761231	89.761231	0.0111406671773474	0.00446340803859965	chr14q
6500D	chr15	q	Gain	1.602465	1	82566565	82.566565	0.0121114400241793	0.0194081587383464	chr15q
6500D	chr19	p	Loss	3.806632	1	27792923	27.792923	0.0359803824880168	0.136964075351124	chr19p
6500D	chr5	q	Loss	46.211499	7	133727560	133.72756	0.0523452308559283	0.345564511907643	chr5q
6500D	chr5	q	Loss	46.211499	7	133727560	133.72756	0.0523452308559283	0.345564511907643	chr5q
6500D	chr5	q	Loss	46.211499	7	133727560	133.72756	0.0523452308559283	0.345564511907643	chr5q
6500D	chr5	q	Loss	46.211499	7	133727560	133.72756	0.0523452308559283	0.345564511907643	chr5q
6500D	chr5	q	Loss	46.211499	7	133727560	133.72756	0.0523452308559283	0.345564511907643	chr5q
6500D	chr5	q	Loss	46.211499	7	133727560	133.72756	0.0523452308559283	0.345564511907643	chr5q
6500D	chr5	q	Loss	46.211499	7	133727560	133.72756	0.0523452308559283	0.345564511907643	chr5q
6500D	chr7	p	Gain	45.247238	4	62064435	62.064435	0.0644491486952229	0.729036492477536	chr7p
6500D	chr7	p	Gain	45.247238	4	62064435	62.064435	0.0644491486952229	0.729036492477536	chr7p
6500D	chr7	p	Gain	45.247238	4	62064435	62.064435	0.0644491486952229	0.729036492477536	chr7p
6500D	chr7	p	Gain	45.247238	4	62064435	62.064435	0.0644491486952229	0.729036492477536	chr7p
6500D	chr8	q	Gain	32.813287	3	100988875	100.988875	0.0297062423955114	0.324919819138494	chr8q
6500D	chr8	q	Gain	32.813287	3	100988875	100.988875	0.0297062423955114	0.324919819138494	chr8q
6500D	chr8	q	Gain	32.813287	3	100988875	100.988875	0.0297062423955114	0.324919819138494	chr8q
6605D	chr10	p	Gain	35.842069	4	40649191	40.649191	0.0984029423857414	0.881741262698192	chr10p
6605D	chr10	p	Gain	35.842069	4	40649191	40.649191	0.0984029423857414	0.881741262698192	chr10p
6605D	chr10	p	Gain	35.842069	4	40649191	40.649191	0.0984029423857414	0.881741262698192	chr10p
6605D	chr10	p	Gain	35.842069	4	40649191	40.649191	0.0984029423857414	0.881741262698192	chr10p
6605D	chr10	q	Gain	0.200236	1	94108943	94.108943	0.0106259826975211	0.00212770427142084	chr10q
6605D	chr10	q	Loss	5.806797	1	94108943	94.108943	0.0106259826975211	0.0617029244500175	chr10q
6605D	chr11	p	Loss	12.011402	2	52743313	52.743313	0.03791949891354	0.227733172544546	chr11p
6605D	chr11	p	Loss	12.011402	2	52743313	52.743313	0.03791949891354	0.227733172544546	chr11p
6605D	chr12	p	Gain	30.628618	2	35911664	35.911664	0.0556922118674311	0.852887741431308	chr12p
6605D	chr12	p	Gain	30.628618	2	35911664	35.911664	0.0556922118674311	0.852887741431308	chr12p
6605D	chr12	q	Loss	4.804489	1	97412884	97.412884	0.0102655825280771	0.0493208783347386	chr12q
6605D	chr14	q	Gain	0.801281	1	89761231	89.761231	0.0111406671773474	0.00892680493653212	chr14q
6605D	chr15	q	Gain	1.602465	1	82566565	82.566565	0.0121114400241793	0.0194081587383464	chr15q
6605D	chr18	q	Loss	0.400709	1	62092914	62.092914	0.0161048972512387	0.0064533772726466	chr18q
6605D	chr7	p	Gain	0.600628	1	62064435	62.064435	0.0161122871738057	0.00967749082062859	chr7p
6605D	chr8	q	Gain	36.014586	6	100988875	100.988875	0.0594124847910228	0.356619340496664	chr8q
6605D	chr8	q	Gain	36.014586	6	100988875	100.988875	0.0594124847910228	0.356619340496664	chr8q
6605D	chr8	q	Gain	36.014586	6	100988875	100.988875	0.0594124847910228	0.356619340496664	chr8q
6605D	chr8	q	Gain	36.014586	6	100988875	100.988875	0.0594124847910228	0.356619340496664	chr8q
6605D	chr8	q	Gain	36.014586	6	100988875	100.988875	0.0594124847910228	0.356619340496664	chr8q
6605D	chr8	q	Gain	36.014586	6	100988875	100.988875	0.0594124847910228	0.356619340496664	chr8q
6605D	chr9	p	Loss	0.400047	1	46267185	46.267185	0.0216135907122943	0.00864645212368118	chr9p
6605D	chr9	q	Gain	0.400045	1	104350062	104.350062	0.00958312799085831	0.00383368243710291	chr9q
