SampleID	chr	assigned_arm	Length	total_length_neutral	total_length_gain	total_length_loss	proportion_neutral	proportion_gain	proportion_loss	final_average_TL_p75	chr_order	arm
2436A	chr1	chr1p	124048267	27820989	0	0	0.224275515271809	0	0	5221	1	p
2436A	chr1	chr1q	124339061	0	200151	0	0	0.00160971941070071	0	5051.16666666667	1	q
2436A	chr10	chr10q	94108943	26230785	0	18621836	0.278727867552396	0	0.197875307132076	2732.75	10	q
2436A	chr11	chr11p	52743313	3002850	0	0	0.0569332836562618	0	0	6766	11	p
2436A	chr12	chr12p	35911664	4003740	0	0	0.111488568171054	0	0	5319.4	12	p
2436A	chr12	chr12q	97412884	9809163	0	0	0.10069677230786	0	0	6085	12	q
2436A	chr14	chr14q	89761231	1001600	0	0	0.0111584922448312	0	0	3490.6	14	q
2436A	chr15	chr15q	82566565	0	1602464	0	0	0.0194081466269064	0	4111.5	15	q
2436A	chr16	chr16p	36838903	38251783	0	0	1.0383529335822	0	0	6940.2	16	p
2436A	chr16	chr16q	59491471	5607588	0	0	0.0942586879386459	0	0	5979	16	q
2436A	chr17	chr17q	58587218	1601456	0	0	0.0273345629758354	0	0	4601.5	17	q
2436A	chr18	chr18q	62092914	0	0	200355	0	0	0.00322669668877193	3629.5	18	q
2436A	chr19	chr19p	27792923	18231759	0	0	0.655985662249343	0	0	6319.75	19	p
2436A	chr19	chr19q	33914441	4608004	0	7012180	0.135871441902876	0	0.206760889852202	4544.5	19	q
2436A	chr2	chr2p	93503283	0	0	200080	0	0	0.00213981791420094	4118.25	2	p
2436A	chr20	chr20q	38197502	7401143	0	0	0.193759869428111	0	0	4378.4	20	q
2436A	chr3	chr3p	94076514	3802014	0	0	0.0404140612608158	0	0	4739.2	3	p
2436A	chr4	chr4p	52452474	4203801	0	0	0.0801449517900719	0	0	5788.25	4	p
2436A	chr5	chr5p	48317879	5001250	0	0	0.103507233833671	0	0	6545.75	5	p
2436A	chr5	chr5q	133727560	0	400100	0	0	0.00299190383792241	0	10542.2083333333	5	q
2436A	chr6	chr6p	59672548	7005180	0	0	0.117393679921293	0	0	4048.5	6	p
2436A	chr6	chr6q	112454080	38628371	0	0	0.343503508276445	0	0	5896.92857142857	6	q
2436A	chr7	chr7p	62064435	6606897	0	0	0.106452221791756	0	0	4684.33333333333	7	p
2436A	chr7	chr7q	98502993	4404598	0	0	0.044715372252699	0	0	6483.08333333333	7	q
2436A	chr8	chr8q	100988875	2200891	0	0	0.0217934005106998	0	0	6406.33333333333	8	q
2436A	chr9	chr9p	46267185	0	3200368	0	0	0.0691714440807237	0	4389.58333333333	9	p
2436A	chr9	chr9q	104350062	0	200023	400046	0	0.00191684601011545	0.0038336920202309	3546.25	9	q
3188	chr1	chr1p	124048267	0	0	141506757	0	0	1.14073949134654	1642.5	1	p
3188	chr1	chr1q	124339061	0	1000750	0	0	0.00804855684087883	0	3086.5	1	q
3188	chr10	chr10q	94108943	0	0	41648861	0	0	0.442560076357462	3496.5	10	q
3188	chr11	chr11p	52743313	0	1401330	0	0	0.0265688657062555	0	2651.25	11	p
3188	chr11	chr11q	82384456	0	55252164	0	0	0.670662485165891	0	3293	11	q
3188	chr12	chr12p	35911664	0	0	48245072	0	0	1.34343738569174	2473.5	12	p
3188	chr12	chr12q	97412884	0	0	82877418	0	0	0.850784974192941	2691	12	q
3188	chr13	chr13q	97043744	25637623	0	0	0.264186251923669	0	0	3465	13	q
3188	chr14	chr14q	89761231	1001595	5208311	47075153	0.0111584365414953	0.0580240594071175	0.524448611895708	2626	14	q
3188	chr15	chr15q	82566565	6209548	2003080	1802772	0.0752065681792624	0.024260183283633	0.0218341649552697	1874	15	q
3188	chr18	chr18p	18449624	25044375	0	0	1.35744636313456	0	0	2226	18	p
3188	chr18	chr18q	62092914	16028334	0	0	0.258134672178536	0	0	2874.25	18	q
3188	chr19	chr19p	27792923	15827571	0	3606282	0.569482058436243	0	0.12975540571965	3120.16666666667	19	p
3188	chr19	chr19q	33914441	8013951	0	23240368	0.236299073895984	0	0.685264663510155	2957.66666666667	19	q
3188	chr2	chr2q	149193469	0	0	1400560	0	0	0.00938754229248467	1928	2	q
3188	chr20	chr20q	38197502	0	1400217	0	0	0.0366572924061893	0	2868.25	20	q
3188	chr22	chr22q	37075304	5613664	1603904	0	0.151412487406711	0.0432607106876319	0	2676	22	q
3188	chr4	chr4q	141122471	0	6205611	6205611	0	0.0439732308825573	0.0439732308825573	4114.5	4	q
3188	chr5	chr5p	48317879	0	1200300	44211050	0	0.0248417361200809	0.915003947089648	3681	5	p
3188	chr5	chr5q	133727560	15203800	0	62415553	0.113692345841052	0	0.466736647255061	2158	5	q
3188	chr6	chr6p	59672548	0	55240772	99473059	0	0.925731745190435	1.66698192609439	2707.5	6	p
3188	chr6	chr6q	112454080	0	0	13810143	0	0	0.122806953736138	2246.33333333333	6	q
3188	chr7	chr7q	98502993	0	4404576	0	0	0.0447151489092316	0	2375.75	7	q
3188	chr8	chr8p	45270456	0	46819073	0	0	1.03420811577423	0	2236.625	8	p
3188	chr8	chr8q	100988875	0	97239366	0	0	0.962872058927283	0	3307.66666666667	8	q
3188	chr9	chr9p	46267185	1200138	8000920	38204393	0.0259392915302714	0.172928610201809	0.82573411371364	2822.5	9	p
3188	chr9	chr9q	104350062	0	71808188	0	0	0.688147056395616	0	3129.7	9	q
3988	chr1	chr1p	124048267	53040015	0	1601208	0.4275756226405	0	0.0129079433249962	2347.5	1	p
3988	chr1	chr1q	124339061	21416157	0	20615520	0.172239976944976	0	0.16580083389885	5083	1	q
3988	chr10	chr10p	40649191	0	32237835	0	0	0.79307445503651	0	3769.75	10	p
3988	chr10	chr10q	94108943	14016442	600705	0	0.148938470172808	0.00638308093631442	0	5998.5	10	q
3988	chr11	chr11p	52743313	0	0	47444980	0	0	0.899544933781463	3587	11	p
3988	chr11	chr11q	82384456	14413608	0	0	0.174955430912841	0	0	5008.33333333333	11	q
3988	chr12	chr12p	35911664	0	33431234	0	0	0.930929683458834	0	8105	12	p
3988	chr12	chr12q	97412884	13612716	0	400374	0.139742459529275	0	0.00411007233909634	4392.5	12	q
3988	chr14	chr14q	89761231	12820442	400640	0	0.142828277388486	0.00446339689793247	0	5690.33333333333	14	q
3988	chr15	chr15q	82566565	2604004	2003080	0	0.0315382382687229	0.024260183283633	0	4054	15	q
3988	chr16	chr16p	36838903	7610320	0	0	0.206583784538861	0	0	6043.5	16	p
3988	chr16	chr16q	59491471	10013550	0	0	0.168319085604725	0	0	7737.4	16	q
3988	chr17	chr17p	25689679	36433306	0	0	1.418207911434	0	0	4594	17	p
3988	chr17	chr17q	58587218	17616057	0	0	0.300680892545538	0	0	6067	17	q
3988	chr19	chr19p	27792923	12822336	0	6411168	0.461352553669868	0	0.230676276834934	2050.75	19	p
3988	chr19	chr19q	33914441	13623664	0	9416356	0.401706871712849	0	0.277650337801528	7326.5	19	q
3988	chr2	chr2p	93503283	2400960	0	11604640	0.0256778149704113	0	0.124109439023654	3395	2	p
3988	chr20	chr20q	38197502	2800430	0	0	0.0733144800934888	0	0	7025.5	20	q
3988	chr21	chr21q	33956153	3607254	0	0	0.106232705454001	0	0	9040.5	21	q
3988	chr22	chr22q	37075304	35085400	0	0	0.946328046291947	0	0	7252.16666666667	22	q
3988	chr3	chr3p	94076514	4402332	0	0	0.0467952288283131	0	0	10037.5	3	p
3988	chr3	chr3q	107029434	70637065	0	11606090	0.659977936536598	0	0.108438301187316	2135.21428571429	3	q
3988	chr4	chr4p	52452474	10409412	0	0	0.198454166337321	0	0	4202	4	p
3988	chr5	chr5p	48317879	2000500	0	0	0.0414028935334682	0	0	5688.66666666667	5	p
3988	chr5	chr5q	133727560	19004710	400100	3200784	0.14211513318571	0.00299190383792241	0.0239351110571374	6124.66666666667	5	q
3988	chr6	chr6p	59672548	11008126	0	0	0.184475548119715	0	0	2850.25	6	p
3988	chr7	chr7p	62064435	5005225	0	1401463	0.0806456225695118	0	0.0225807743194633	5220	7	p
3988	chr7	chr7q	98502993	8608987	9409818	0	0.0873982275848207	0.0955282445072507	0	5331	7	q
3988	chr8	chr8p	45270456	0	17207052	0	0	0.380094514621191	0	4624.5	8	p
3988	chr8	chr8q	100988875	0	33413527	0	0	0.330863444116988	0	4655	8	q
3988	chr9	chr9p	46267185	5600644	0	0	0.121050027141267	0	0	6700.33333333333	9	p
3988	chr9	chr9q	104350062	12001320	0	0	0.115010185619248	0	0	9083.5	9	q
6265D	chr1	chr1p	124048267	12609513	0	30222801	0.101650053684345	0	0.243637430259304	6548	1	p
6265D	chr1	chr1q	124339061	0	400302	0	0	0.00321943882140143	0	3906.33333333333	1	q
6265D	chr10	chr10q	94108943	22426320	1401645	0	0.238301688289072	0.014893855518067	0	4609.75	10	q
6265D	chr11	chr11p	52743313	0	0	10209690	0	0	0.19357316443129	4933	11	p
6265D	chr12	chr12p	35911664	4003740	0	0	0.111488568171054	0	0	6917	12	p
6265D	chr12	chr12q	97412884	31229172	12611781	0	0.320585642449514	0.129467278681535	0	7486	12	q
6265D	chr13	chr13q	97043744	9413818	1201764	53077910	0.0970059234318082	0.0123837349061883	0.546948291689983	11754	13	q
6265D	chr14	chr14q	89761231	0	32251520	47676054	0	0.359303450283564	0.531143049943243	6329	14	q
6265D	chr15	chr15q	82566565	0	801232	0	0	0.00970407331345321	0	5971	15	q
6265D	chr17	chr17q	58587218	0	0	9408554	0	0	0.160590557483033	4720	17	q
6265D	chr18	chr18p	18449624	33459285	0	0	1.81354834114777	0	0	5908.66666666667	18	p
6265D	chr18	chr18q	62092914	7813838	0	35863385	0.125841058127824	0	0.577576130506615	5959	18	q
6265D	chr19	chr19q	33914441	0	0	17830972	0	0	0.525763405624171	6555	19	q
6265D	chr2	chr2p	93503283	0	200080	0	0	0.00213981791420094	0	4845.375	2	p
6265D	chr2	chr2q	149193469	9003555	0	200080	0.0603481845441907	0	0.00134107747035495	5738	2	q
6265D	chr21	chr21q	33956153	0	0	6012090	0	0	0.177054509090002	6390	21	q
6265D	chr3	chr3p	94076514	56629938	1200636	9204876	0.601956169421839	0.0127623351349945	0.097844569368291	5329.5	3	p
6265D	chr3	chr3q	107029434	0	5602940	400210	0	0.0523495247111182	0.00373925176507988	4617.5	3	q
6265D	chr4	chr4q	141122471	0	1201086	0	0	0.00851094791275303	0	5053.25	4	q
6265D	chr5	chr5p	48317879	23405850	0	1800450	0.484413854341578	0	0.0372626041801214	7076	5	p
6265D	chr6	chr6p	59672548	0	0	39629106	0	0	0.664109499731769	7669.25	6	p
6265D	chr6	chr6q	112454080	0	0	78457624	0	0	0.697685882095163	8975	6	q
6265D	chr9	chr9p	46267185	0	3400391	35804117	0	0.073494659335769	0.773855530653097	3406.66666666667	9	p
6265D	chr9	chr9q	104350062	0	0	400046	0	0	0.0038336920202309	6687	9	q
6266D	chr1	chr1p	124048267	49837599	0	0	0.401759735990508	0	0	4224	1	p
6266D	chr1	chr1q	124339061	34626063	11608758	2001510	0.278480975499727	0.0933637258206414	0.0160971941070071	4338.5	1	q
6266D	chr10	chr10p	40649191	0	34039950	0	0	0.83740780966588	0	5948	10	p
6266D	chr10	chr10q	94108943	45453326	600705	0	0.482986255620786	0.00638308093631442	0	5216	10	q
6266D	chr11	chr11p	52743313	30829222	0	17416518	0.584514325067142	0	0.330212817689325	4686.25	11	p
6266D	chr11	chr11q	82384456	6806426	0	0	0.0826178423755083	0	0	6269	11	q
6266D	chr12	chr12p	35911664	8207667	24022445	800748	0.228551564750662	0.668931548256856	0.0222977136342109	4092.5	12	p
6266D	chr12	chr12q	97412884	22020570	0	0	0.226053978650298	0	0	2331	12	q
6266D	chr14	chr14q	89761231	31249859	801280	0	0.348144278458035	0.00892679379586494	0	5204.75	14	q
6266D	chr16	chr16p	36838903	8010862	0	0	0.217456583872761	0	0	5183	16	p
6266D	chr16	chr16q	59491471	8411382	0	0	0.141388031907969	0	0	12000.5	16	q
6266D	chr17	chr17p	25689679	51647214	0	0	2.01042659972513	0	0	4201	17	p
6266D	chr17	chr17q	58587218	22420384	0	0	0.382683881661696	0	0	8153	17	q
6266D	chr18	chr18p	18449624	20436210	0	0	1.1076762323178	0	0	8683	18	p
6266D	chr18	chr18q	62092914	7012390	0	0	0.112933820435614	0	0	5275.66666666667	18	q
6266D	chr19	chr19p	27792923	19834551	0	0	0.713654731458077	0	0	4961.46428571429	19	p
6266D	chr19	chr19q	33914441	26045244	0	0	0.767969137394893	0	0	5271	19	q
6266D	chr2	chr2p	93503283	5602240	0	0	0.0599149015976263	0	0	4472.5	2	p
6266D	chr2	chr2q	149193469	23409278	0	0	0.156905514409615	0	0	4364.75	2	q
6266D	chr20	chr20q	38197502	15802445	0	0	0.413703623865246	0	0	1916	20	q
6266D	chr21	chr21q	33956153	15230628	0	0	0.448538089694672	0	0	7273	21	q
6266D	chr22	chr22q	37075304	33882472	601464	0	0.913882513276223	0.0162227665078619	0	8680	22	q
6266D	chr3	chr3p	94076514	9204876	0	0	0.097844569368291	0	0	12829.5	3	p
6266D	chr3	chr3q	107029434	10005250	0	0	0.0934812941269969	0	0	5562	3	q
6266D	chr4	chr4p	52452474	3202896	0	0	0.0610628204114834	0	0	6912	4	p
6266D	chr5	chr5q	133727560	14203504	0	800200	0.1062122422633	0	0.00598380767584483	3372	5	q
6266D	chr6	chr6p	59672548	13810194	0	0	0.231432953055733	0	0	4795.375	6	p
6266D	chr6	chr6q	112454080	1401029	0	200147	0.012458676465985	0	0.00177981092371215	3383.5	6	q
6266D	chr7	chr7p	62064435	22623617	0	0	0.364518214014193	0	0	4870	7	p
6266D	chr7	chr7q	98502993	4404598	0	0	0.044715372252699	0	0	6241	7	q
6266D	chr8	chr8p	45270456	7002844	0	0	0.154689053717506	0	0	2143.5	8	p
6266D	chr9	chr9p	46267185	36404186	0	6400736	0.786825176418232	0	0.138342888161447	4410.5	9	p
6266D	chr9	chr9q	104350062	10801188	0	0	0.103509167057323	0	0	4862	9	q
6269C	chr1	chr1p	124048267	52639713	54641223	0	0.424348636809251	0.440483565965496	0	4019	1	p
6269C	chr1	chr1q	124339061	4803624	24418422	0	0.0386332658568171	0.196385768105487	0	4756.8	1	q
6269C	chr10	chr10p	40649191	12414570	2803290	0	0.305407554113439	0.0689629960901313	0	3778.5	10	p
6269C	chr10	chr10q	94108943	13415738	0	10412220	0.142555399862476	0	0.110640069562783	6423.5	10	q
6269C	chr11	chr11q	82384456	9208694	57053865	0	0.111777080860982	0.692531914029996	0	3914	11	q
6269C	chr12	chr12p	35911664	1401309	0	3603366	0.039020998859869	0	0.100339711353949	4043.16666666667	12	p
6269C	chr12	chr12q	97412884	11410659	24422814	3603366	0.117137061664246	0.250714412684876	0.036990651051867	4918.75	12	q
6269C	chr13	chr13q	97043744	3404998	45066150	0	0.0350872489008668	0.464390058982061	0	5219	13	q
6269C	chr14	chr14q	89761231	14022368	801280	9214698	0.156218534926287	0.00892679379586494	0.102657883557769	2039	14	q
6269C	chr15	chr15q	82566565	22033834	1602464	11818139	0.266861458993722	0.0194081466269064	0.143134681695914	3138.5	15	q
6269C	chr16	chr16p	36838903	20828184	0	8411404	0.56538556536279	0	0.228329383206661	4978.75	16	p
6269C	chr16	chr16q	59491471	7009485	0	9412737	0.117823359923307	0	0.158219940468441	4368.75	16	q
6269C	chr17	chr17p	25689679	6606039	0	2202013	0.257147588336935	0	0.0857158627789783	5390	17	p
6269C	chr17	chr17q	58587218	23621556	7406758	0	0.40318616937913	0.126422763408906	0	5776.25	17	q
6269C	chr18	chr18p	18449624	12822720	0	0	0.695012537924892	0	0	5938	18	p
6269C	chr18	chr18q	62092914	6010620	0	0	0.0968004175162403	0	0	5185.75	18	q
6269C	chr19	chr19q	33914441	0	0	25844897	0	0	0.76206171288508	5292	19	q
6269C	chr2	chr2p	93503283	17807120	0	2801120	0.190443794363883	0	0.0299574507988131	6108.25	2	p
6269C	chr2	chr2q	149193469	20608183	0	0	0.138130597392303	0	0	3223	2	q
6269C	chr20	chr20p	28012753	12601953	0	0	0.449864852626231	0	0	3327.25	20	p
6269C	chr20	chr20q	38197502	5200806	0	14602259	0.136155657508703	0	0.382283087517084	5551.5	20	q
6269C	chr21	chr21p	11134529	0	0	5811687	0	0	0.521951759252681	3810.5	21	p
6269C	chr3	chr3p	94076514	10805724	0	3601908	0.11486101621495	0	0.0382870054049834	9171	3	p
6269C	chr3	chr3q	107029434	5202730	0	2401260	0.0486102729460384	0	0.0224355105904793	4462.125	3	q
6269C	chr4	chr4p	52452474	11810679	0	4403982	0.225169150267345	0	0.0839613780657896	3559.5	4	p
6269C	chr4	chr4q	141122471	11610466	0	1801629	0.0822722697365468	0	0.0127664218691295	4636.25	4	q
6269C	chr5	chr5p	48317879	1200300	0	6401600	0.0248417361200809	0	0.132489259307098	5932.5	5	p
6269C	chr5	chr5q	133727560	7201791	0	8202025	0.0538542017815924	0	0.0613338417301564	3078	5	q
6269C	chr6	chr6p	59672548	9607099	0	1801323	0.160996962958579	0	0.0301867954423532	6963	6	p
6269C	chr7	chr7p	62064435	2402508	45247234	0	0.0387098988333657	0.729036428028387	0	7478	7	p
6269C	chr7	chr7q	98502993	4404598	58260721	0	0.044715372252699	0.591461428994345	0	4016	7	q
6269C	chr8	chr8p	45270456	0	39416076	0	0	0.870679897724026	0	4595.5	8	p
6269C	chr8	chr8q	100988875	0	80632643	0	0	0.798430945982912	0	4293.5	8	q
6269C	chr9	chr9p	46267185	7600874	0	0	0.164282179691719	0	0	3910	9	p
6269C	chr9	chr9q	104350062	10401156	0	5400594	0.0996756092008838	0	0.0517545835286614	5691.625	9	q
6277A	chr1	chr1p	124048267	62246961	0	18614043	0.501796296759228	0	0.150054841153081	5311	1	p
6277A	chr1	chr1q	124339061	33225005	22016610	4803624	0.267212931582297	0.177069135177078	0.0386332658568171	4704.75	1	q
6277A	chr11	chr11p	52743313	44642289	0	9809310	0.846406614616719	0	0.185982059943789	3009	11	p
6277A	chr11	chr11q	82384456	0	21220034	0	0	0.257573273288349	0	2569.25	11	q
6277A	chr12	chr12p	35911664	16815708	24222632	0	0.468251986318428	0.674505976665409	0	6638.75	12	p
6277A	chr12	chr12q	97412884	79073865	0	0	0.811739286971526	0	0	6703	12	q
6277A	chr13	chr13q	97043744	3004410	32848207	54079380	0.0309593372654707	0.338488661360798	0.557268070778473	7173.33333333333	13	q
6277A	chr14	chr14q	89761231	30849280	0	56490134	0.3436815611408	0	0.629337781697758	3409	14	q
6277A	chr15	chr15q	82566565	65500529	1602464	13420636	0.793305728535516	0.0194081466269064	0.162543228000341	7062	15	q
6277A	chr16	chr16p	36838903	12216531	0	0	0.331620379683944	0	0	4287.5	16	p
6277A	chr16	chr16q	59491471	40655013	2202981	0	0.683375487555183	0.0370301988330394	0	187	16	q
6277A	chr17	chr17q	58587218	0	1801647	0	0	0.03075153696494	0	6174	17	q
6277A	chr18	chr18p	18449624	14425560	0	12221655	0.781889105165504	0	0.662433825209663	6668.25	18	p
6277A	chr18	chr18q	62092914	21237590	2804970	28049571	0.342029204813934	0.045173753642807	0.451735458896324	7351	18	q
6277A	chr19	chr19p	27792923	0	3405933	14024430	0	0.122546772068559	0.504604355576418	6247	19	p
6277A	chr19	chr19q	33914441	0	0	23040020	0	0	0.679357209514378	2716.5	19	q
6277A	chr2	chr2p	93503283	69427760	84833920	200080	0.742516816227725	0.907282795621198	0.00213981791420094	4544.25	2	p
6277A	chr2	chr2q	149193469	200079	37814942	0	0.00134107076764868	0.25346244881537	0	5423.5	2	q
6277A	chr20	chr20p	28012753	0	20003100	0	0	0.714071194644811	0	8050.5	20	p
6277A	chr21	chr21q	33956153	13427001	0	10420956	0.395421736967671	0	0.30689448242267	4477	21	q
6277A	chr22	chr22q	37075304	35085400	0	0	0.946328046291947	0	0	5396.75	22	q
6277A	chr3	chr3p	94076514	0	65034421	0	0	0.691292844885813	0	5097.9	3	p
6277A	chr3	chr3q	107029434	0	0	76240005	0	0	0.712327461247716	6069	3	q
6277A	chr4	chr4p	52452474	0	46441992	0	0	0.885410895966509	0	4112.5	4	p
6277A	chr4	chr4q	141122471	9208280	6205608	0	0.0652502747064286	0.0439732096244261	0	4390.5	4	q
6277A	chr5	chr5p	48317879	34608650	14203550	5001250	0.716270058129	0.293960544087624	0.103507233833671	5226.83333333333	5	p
6277A	chr5	chr5q	133727560	83220800	0	42810641	0.622315998287862	0	0.320133269462181	8993	5	q
6277A	chr6	chr6p	59672548	0	57042099	0	0	0.955918607665287	0	3839.66666666667	6	p
6277A	chr6	chr6q	112454080	0	13609996	95069825	0	0.121027142812426	0.845410188763271	7479	6	q
6277A	chr7	chr7p	62064435	6606897	42244099	0	0.106452221791756	0.68064905448668	0	6403.5	7	p
6277A	chr7	chr7q	98502993	0	38640273	0	0	0.392275115944954	0	5808	7	q
6277A	chr8	chr8p	45270456	0	36614929	0	0	0.808804068596084	0	3993	8	p
6277A	chr8	chr8q	100988875	0	68627783	0	0	0.679557852288185	0	5108.5	8	q
6277A	chr9	chr9p	46267185	0	74208533	3000345	0	1.60391285962178	0.0648482288256785	4765.25	9	p
6277A	chr9	chr9q	104350062	50805826	0	19802224	0.486878733239277	0	0.189767247095646	6324.16666666667	9	q
6285B	chr1	chr1p	124048267	30823254	0	0	0.248477909006177	0	0	3171	1	p
6285B	chr1	chr1q	124339061	4603473	0	0	0.0370235464461164	0	0	3898	1	q
6285B	chr10	chr10p	40649191	2202585	0	0	0.0541852112136746	0	0	4350	10	p
6285B	chr10	chr10q	94108943	8409860	1201410	0	0.0893630268485748	0.0127661618726288	0	3308	10	q
6285B	chr11	chr11q	82384456	16815876	0	0	0.204114669398315	0	0	2939	11	q
6285B	chr12	chr12p	35911664	3803553	0	0	0.105914139762502	0	0	3126.5	12	p
6285B	chr12	chr12q	97412884	6806358	0	0	0.0698712297646377	0	0	3656	12	q
6285B	chr13	chr13q	97043744	0	0	65295835	0	0	0.672849503827882	4999.5	13	q
6285B	chr14	chr14q	89761231	0	1402240	51281815	0	0.0156218891427636	0.571313633165303	4150	14	q
6285B	chr15	chr15q	82566565	0	2003080	0	0	0.024260183283633	0	4122.33333333333	15	q
6285B	chr16	chr16p	36838903	7610320	0	0	0.206583784538861	0	0	3884	16	p
6285B	chr16	chr16q	59491471	6008130	0	0	0.100991451362835	0	0	3144.5	16	q
6285B	chr17	chr17p	25689679	4804392	0	0	0.187016427881407	0	0	2440	17	p
6285B	chr17	chr17q	58587218	14413122	200183	0	0.246011374016769	0.00341683744054889	0	2066	17	q
6285B	chr18	chr18q	62092914	0	0	33659474	0	0	0.54208237030074	4215.5	18	q
6285B	chr19	chr19p	27792923	0	0	29651652	0	0	1.06687778036157	3348.66666666667	19	p
6285B	chr19	chr19q	33914441	0	0	30653271	0	0	0.90384125747495	1982.33333333333	19	q
6285B	chr2	chr2p	93503283	2801120	0	0	0.0299574507988131	0	0	3231.5	2	p
6285B	chr2	chr2q	149193469	4801896	0	0	0.0321856984235684	0	0	3298	2	q
6285B	chr20	chr20q	38197502	11801825	0	0	0.308968502704706	0	0	2429	20	q
6285B	chr3	chr3p	94076514	7203816	0	0	0.0765740108099669	0	0	2985	3	p
6285B	chr5	chr5p	48317879	0	800200	0	0	0.0165611574133873	0	3228	5	p
6285B	chr6	chr6p	59672548	7805763	0	0	0.130809949660604	0	0	3463	6	p
6285B	chr6	chr6q	112454080	0	0	109480409	0	0	0.973556575270546	4018.5	6	q
6285B	chr7	chr7p	62064435	6606897	0	0	0.106452221791756	0	0	3370	7	p
6285B	chr7	chr7q	98502993	7808151	0	0	0.0792681599025118	0	0	3978	7	q
6285B	chr9	chr9p	46267185	0	0	37604324	0	0	0.812764467948504	3559	9	p
6285B	chr9	chr9q	104350062	10601166	0	0	0.101592330630335	0	0	3186	9	q
6298B	chr1	chr1p	124048267	46034730	0	0	0.371103370593642	0	0	4198	1	p
6298B	chr1	chr1q	124339061	4403300	0	0	0.0354136500998668	0	0	6419.25	1	q
6298B	chr10	chr10p	40649191	4004700	0	0	0.0985185658430447	0	0	4781.5	10	p
6298B	chr10	chr10q	94108943	11813865	400470	0	0.12553392508085	0.00425538729087628	0	5977	10	q
6298B	chr11	chr11p	52743313	21620476	0	0	0.409918808096109	0	0	3572	11	p
6298B	chr12	chr12p	35911664	3603366	33231047	0	0.100339711353949	0.925355255050281	0	3916	12	p
6298B	chr12	chr12q	97412884	26024310	0	0	0.267154702041262	0	0	5358.5	12	q
6298B	chr13	chr13q	97043744	2603822	0	0	0.0268314256300746	0	0	5124.5	13	q
6298B	chr14	chr14q	89761231	36658471	801280	0	0.408399824641442	0.00892679379586494	0	7072	14	q
6298B	chr15	chr15q	82566565	0	1602464	0	0	0.0194081466269064	0	3357	15	q
6298B	chr16	chr16p	36838903	31442569	0	0	0.8535153449059	0	0	5419	16	p
6298B	chr16	chr16q	59491471	24032520	0	0	0.403965805451339	0	0	6612.25	16	q
6298B	chr17	chr17p	25689679	46442456	0	0	1.80782546952027	0	0	3771	17	p
6298B	chr17	chr17q	58587218	7807098	200183	0	0.133255994507198	0.00341683744054889	0	5845	17	q
6298B	chr19	chr19p	27792923	21437343	0	0	0.77132380066681	0	0	6994	19	p
6298B	chr19	chr19q	33914441	20235148	0	0	0.596652853573497	0	0	4602	19	q
6298B	chr20	chr20q	38197502	0	0	600093	0	0	0.0157102681740811	2738.66666666667	20	q
6298B	chr22	chr22q	37075304	35085400	0	0	0.946328046291947	0	0	5574.5	22	q
6298B	chr3	chr3p	94076514	4002120	0	0	0.0425411171166483	0	0	5978.5	3	p
6298B	chr3	chr3q	107029434	2201155	0	0	0.0205658847079393	0	0	6844.5	3	q
6298B	chr4	chr4p	52452474	8207421	0	0	0.156473477304426	0	0	4737	4	p
6298B	chr5	chr5p	48317879	39409850	0	11802950	0.815637002609324	0	0.244277071847463	10733.5	5	p
6298B	chr5	chr5q	133727560	2200550	600150	0	0.0164554711085733	0.00448785575688362	0	3698	5	q
6298B	chr6	chr6p	59672548	4002960	0	0	0.0670821028121675	0	0	1641	6	p
6298B	chr7	chr7p	62064435	6406688	0	0	0.103226396888975	0	0	5973	7	p
6298B	chr7	chr7q	98502993	0	51253341	0	0	0.520322676895716	0	3918.5	7	q
6314E	chr1	chr1p	124048267	60045300	21816459	17413137	0.484047874687359	0.175870727803074	0.140373883659334	3903	1	p
6314E	chr10	chr10p	40649191	3203760	0	0	0.0788148526744358	0	0	9573	10	p
6314E	chr10	chr10q	94108943	15818565	27031725	4004681	0.168087797989613	0.287238642134149	0.0425536710150915	4313	10	q
6314E	chr11	chr11q	82384456	11610962	0	4604347	0.140936319346455	0	0.0558885404304909	6660	11	q
6314E	chr12	chr12q	97412884	16014960	12411594	15814773	0.164402893563853	0.127412242511986	0.162347857394305	8929	12	q
6314E	chr13	chr13q	97043744	6809996	57284084	0	0.0701744978017336	0.590291363861642	0	3436	13	q
6314E	chr14	chr14q	89761231	13221078	30248305	3405440	0.14729162972375	0.336986298683894	0.037938873632426	4851	14	q
6314E	chr16	chr16p	36838903	29439837	0	7610319	0.799150751041637	0	0.206583757393644	5846	16	p
6314E	chr17	chr17p	25689679	18016470	0	9008235	0.701311604555277	0	0.350655802277638	7325.5	17	p
6314E	chr17	chr17q	58587218	13412194	0	18616977	0.228926964922622	0	0.31776516509113	3068.66666666667	17	q
6314E	chr18	chr18p	18449624	1602840	3806745	0	0.0868765672406115	0.206331847196452	0	3521.5	18	p
6314E	chr18	chr18q	62092914	4207434	40671967	0	0.0677602922613682	0.65501784954077	0	4951	18	q
6314E	chr19	chr19p	27792923	15026175	0	19233504	0.540647523831876	0	0.692028830504802	1579.25	19	p
6314E	chr19	chr19q	33914441	5209048	0	18031325	0.153593803890207	0	0.53167100704977	6479.5	19	q
6314E	chr2	chr2p	93503283	9203680	22408960	0	0.0984316240532431	0.239659606390505	0	5538	2	p
6314E	chr2	chr2q	149193469	3601422	72028697	1600632	0.0241392738176763	0.482787198949037	0.0107285661411895	3171	2	q
6314E	chr20	chr20p	28012753	5800899	0	0	0.207080646446995	0	0	6575	20	p
6314E	chr21	chr21q	33956153	4809672	0	0	0.141643607272002	0	0	4443	21	q
6314E	chr22	chr22q	37075304	6415616	0	2806832	0.173042842750527	0	0.0757062437033557	4374.5	22	q
6314E	chr3	chr3p	94076514	11606148	21411342	3802014	0.12336923963828	0.227594976574068	0.0404140612608158	1922	3	p
6314E	chr3	chr3q	107029434	7603990	1800945	0	0.0710457835365176	0.0168266329428594	0	3415.5	3	q
6314E	chr4	chr4p	52452474	3403077	16014480	1201086	0.0648792466872011	0.305314102057417	0.0228985576543063	8268	4	p
6314E	chr5	chr5p	48317879	4201050	13803450	5401350	0.0869460764202833	0.285679965380931	0.111787812540364	9230	5	p
6314E	chr5	chr5q	133727560	7001741	62215550	5801426	0.0523582498626312	0.465241046796936	0.0433824261805121	1415	5	q
6314E	chr6	chr6p	59672548	11608569	29421609	0	0.194537846783415	0.493050992225102	0	3820	6	p
6314E	chr6	chr6q	112454080	4002940	44432634	200147	0.035596218474243	0.395118025064097	0.00177981092371215	4838	6	q
6314E	chr7	chr7p	62064435	20020900	12012540	5205434	0.322582490278047	0.193549494166828	0.0838714474722923	1998.5	7	p
6314E	chr7	chr7q	98502993	13013520	44045924	7808151	0.132112939959093	0.447153154016345	0.0792681599025118	5512	7	q
6314E	chr8	chr8q	100988875	3801539	3001215	1600648	0.0376431463366633	0.0297182734236816	0.0158497458259635	5195	8	q
6314E	chr9	chr9p	46267185	0	0	400046	0	0	0.00864643051009047	3437	9	p
6314E	chr9	chr9q	104350062	6800748	5200598	3200352	0.0651724385175737	0.0498379962630017	0.0306693828317994	1983.75	9	q
6324B	chr1	chr1p	124048267	46034730	0	0	0.371103370593642	0	0	8373	1	p
6324B	chr1	chr1q	124339061	5604228	0	400302	0.04507214349962	0	0.00321943882140143	4714	1	q
6324B	chr10	chr10q	94108943	35441576	0	0	0.376601573348879	0	0	4463	10	q
6324B	chr11	chr11p	52743313	3403230	0	0	0.0645243881437634	0	0	11241.5	11	p
6324B	chr11	chr11q	82384456	0	8007560	0	0	0.0971974616182451	0	7423.5	11	q
6324B	chr12	chr12p	35911664	4003740	0	0	0.111488568171054	0	0	3744.5	12	p
6324B	chr12	chr12q	97412884	3803553	0	0	0.0390456872214152	0	0	3334	12	q
6324B	chr14	chr14q	89761231	0	400640	0	0	0.00446339689793247	0	5255.5	14	q
6324B	chr15	chr15q	82566565	9214131	2003080	0	0.111596394981431	0.024260183283633	0	7624	15	q
6324B	chr17	chr17p	25689679	13412261	800732	0	0.522087527835595	0.0311694046469012	0	6391	17	p
6324B	chr17	chr17q	58587218	22420456	200183	0	0.382685110598697	0.00341683744054889	0	4814	17	q
6324B	chr19	chr19p	27792923	47282307	0	0	1.70123549077584	0	0	187	19	p
6324B	chr19	chr19q	33914441	13423316	0	0	0.395799417717072	0	0	5251.5	19	q
6324B	chr2	chr2p	93503283	3401360	0	0	0.0363769045414159	0	0	8341	2	p
6324B	chr2	chr2q	149193469	800320	0	0	0.00536430988141981	0	0	6927	2	q
6324B	chr21	chr21q	33956153	0	0	9819747	0	0	0.28918903151367	4380	21	q
6324B	chr3	chr3p	94076514	6603498	0	0	0.0701928432424696	0	0	3953	3	p
6324B	chr3	chr3q	107029434	4402310	0	0	0.0411317694158786	0	0	5117	3	q
6324B	chr4	chr4p	52452474	600543	0	0	0.0114492788271531	0	0	4548	4	p
6324B	chr5	chr5q	133727560	26406598	0	16203994	0.197465638347099	0	0.121171686674011	11015.5	5	q
6324B	chr7	chr7p	62064435	7007315	0	0	0.112903871597317	0	0	3142	7	p
6324B	chr7	chr7q	98502993	0	86690309	0	0	0.88007791803849	0	3970	7	q
6365A	chr1	chr1p	124048267	1200906	0	0	0.00968095749374717	0	0	4965	1	p
6365A	chr1	chr1q	124339061	0	0	1200906	0	0	0.00965831646420428	4419.25	1	q
6365A	chr10	chr10q	94108943	0	0	3403995	0	0	0.0361707919724484	4528.75	10	q
6365A	chr11	chr11q	82384456	0	14413608	0	0	0.174955430912841	0	4253.25	11	q
6365A	chr14	chr14q	89761231	0	801280	41466135	0	0.00892679379586494	0.461960409165957	4726.5	14	q
6365A	chr15	chr15q	82566565	0	57888826	0	0	0.70111704416915	0	3267.75	15	q
6365A	chr17	chr17p	25689679	1401281	0	800732	0.0545464581320771	0	0.0311694046469012	3855	17	p
6365A	chr19	chr19p	27792923	20034900	0	0	0.720863365109168	0	0	3323	19	p
6365A	chr19	chr19q	33914441	0	0	31254318	0	0	0.921563707920175	5301	19	q
6365A	chr21	chr21p	11134529	9418941	0	0	0.845921816719863	0	0	5942	21	p
6365A	chr21	chr21q	33956153	0	0	16433046	0	0	0.483948991512672	4637.66666666667	21	q
6365A	chr3	chr3p	94076514	24012720	0	0	0.25524670269989	0	0	3834.33333333333	3	p
6365A	chr4	chr4q	141122471	0	0	600540	0	0	0.00425545269824534	4348.25	4	q
6365A	chr5	chr5q	133727560	0	600150	0	0	0.00448785575688362	0	5311	5	q
6365A	chr6	chr6p	59672548	800588	0	0	0.0134163535299347	0	0	1875.5	6	p
6365A	chr6	chr6q	112454080	9006615	0	100874088	0.0800914915670467	0	0.897024705550924	4836	6	q
6365A	chr7	chr7p	62064435	6807106	0	0	0.109678046694536	0	0	6764.5	7	p
6365A	chr7	chr7q	98502993	3603762	58460840	0	0.0365853045703901	0.593493032237102	0	7389.25	7	q
6365A	chr9	chr9p	46267185	19802277	0	14601679	0.427998310249478	0	0.315594713618302	4174	9	p
6365A	chr9	chr9q	104350062	1400154	2000230	0	0.0134178549889122	0.0191684601011545	0	1493.5	9	q
6414C	chr1	chr1q	124339061	0	0	60645693	0	0	0.487744498890819	2859	1	q
6414C	chr10	chr10q	94108943	18221385	1601880	47255442	0.193620121734871	0.0170215491635051	0.502135509055712	3135	10	q
6414C	chr11	chr11q	82384456	600567	0	0	0.00728980962136838	0	0	3541.5	11	q
6414C	chr14	chr14q	89761231	9615360	801280	28445334	0.107121525550379	0.00892679379586494	0.316899998842485	2948.66666666667	14	q
6414C	chr15	chr15q	82566565	0	9013823	0	0	0.109170376653068	0	2821	15	q
6414C	chr17	chr17q	58587218	0	21019125	0	0	0.358766395086382	0	3439.5	17	q
6414C	chr18	chr18p	18449624	0	1402485	0	0	0.0760169963355351	0	4263	18	p
6414C	chr18	chr18q	62092914	0	0	46081544	0	0	0.742138531298434	4061	18	q
6414C	chr19	chr19p	27792923	8214309	0	0	0.295553979694759	0	0	4113.2	19	p
6414C	chr2	chr2q	149193469	0	0	10003950	0	0	0.0670535383824341	6082	2	q
6414C	chr20	chr20q	38197502	400060	0	600093	0.0104734597566092	0	0.0157102681740811	3457.75	20	q
6414C	chr5	chr5p	48317879	5001250	0	200050	0.103507233833671	0	0.00414028935334682	3302	5	p
6414C	chr5	chr5q	133727560	0	0	11802898	0	0	0.0882607743684249	5114.5	5	q
6414C	chr6	chr6p	59672548	0	0	16211988	0	0	0.271682516389278	6200	6	p
6414C	chr6	chr6q	112454080	0	0	66048510	0	0	0.587337604825009	5129	6	q
6414C	chr8	chr8p	45270456	3001215	0	0	0.066295223533865	0	0	3494	8	p
6414C	chr8	chr8q	100988875	0	63825839	0	0	0.632008614810295	0	2854.5	8	q
6414C	chr9	chr9p	46267185	0	0	24602829	0	0	0.531755476370564	3395	9	p
6423A	chr1	chr1p	124048267	27220536	60245451	0	0.219435036524936	0.485661367602983	0	3424.5	1	p
6423A	chr1	chr1q	124339061	0	48036240	0	0	0.386332658568171	0	6019.5	1	q
6423A	chr10	chr10p	40649191	800940	10211985	0	0.0197037131686089	0.251222342899764	0	3955	10	p
6423A	chr10	chr10q	94108943	37844396	0	10211985	0.402133897094137	0	0.108512375917345	4892	10	q
6423A	chr11	chr11p	52743313	0	33031323	0	0	0.626265608305644	0	6391	11	p
6423A	chr11	chr11q	82384456	800756	48445738	0	0.00971974616182451	0.588044642790383	0	3274.75	11	q
6423A	chr12	chr12p	35911664	5204862	17015895	0	0.144935138622371	0.473826414726981	0	4860.5	12	p
6423A	chr12	chr12q	97412884	14613651	40838148	0	0.150017640377016	0.419227378587826	0	5828	12	q
6423A	chr13	chr13q	97043744	1402058	51275264	0	0.0144476907238863	0.5283726893307	0	3747.5	13	q
6423A	chr14	chr14q	89761231	34454990	801280	14022376	0.383851576188834	0.00892679379586494	0.156218624051624	4391.5	14	q
6423A	chr15	chr15q	82566565	37457484	1602464	15824304	0.453664070922655	0.0194081466269064	0.19165510882038	5248	15	q
6423A	chr16	chr16p	36838903	3604878	0	33645550	0.0978551940050984	0	0.913315741242349	4192.33333333333	16	p
6423A	chr16	chr16q	59491471	40454742	0	8811924	0.680009105843088	0	0.148120795332158	3933	16	q
6423A	chr17	chr17p	25689679	6005490	0	0	0.233770534851759	0	0	5794	17	p
6423A	chr17	chr17q	58587218	15414079	10609671	0	0.263096278099431	0.181091906429146	0	7706.25	17	q
6423A	chr18	chr18p	18449624	24242955	0	0	1.31400807951425	0	0	4178	18	p
6423A	chr18	chr18q	62092914	9015931	0	1402478	0.145200642379258	0	0.0225867640871227	3048.16666666667	18	q
6423A	chr19	chr19p	27792923	0	0	29651652	0	0	1.06687778036157	11089	19	p
6423A	chr19	chr19q	33914441	4608027	0	25243853	0.135872120080057	0	0.744339350897749	2740	19	q
6423A	chr2	chr2p	93503283	52821120	0	8403360	0.564911929349048	0	0.0898723523964394	8609	2	p
6423A	chr2	chr2q	149193469	40616150	0	8603397	0.272238123238491	0	0.0576660430088934	5884	2	q
6423A	chr20	chr20p	28012753	10201581	0	5600868	0.364176309268853	0	0.199939934500547	5568.75	20	p
6423A	chr20	chr20q	38197502	11001705	0	16602569	0.288021583191487	0	0.434650648097355	3727.75	20	q
6423A	chr21	chr21p	11134529	0	23647554	0	0	2.12380371006264	0	9530	21	p
6423A	chr21	chr21q	33956153	0	2204433	0	0	0.0649199866663341	0	2922	21	q
6423A	chr22	chr22q	37075304	9623424	1202928	0	0.259564264125791	0.0324455330157239	0	3632.5	22	q
6423A	chr3	chr3p	94076514	17209116	0	6803604	0.182926803601588	0	0.0723198990983021	3541	3	p
6423A	chr3	chr3q	107029434	17609240	0	7403885	0.164527077663515	0	0.0691761576539777	3244.875	3	q
6423A	chr4	chr4p	52452474	25022625	0	1601448	0.477053284464714	0	0.0305314102057417	6523	4	p
6423A	chr4	chr4q	141122471	13011728	0	3403077	0.0922016735378734	0	0.0241143524194669	4393	4	q
6423A	chr5	chr5p	48317879	0	0	1800450	0	0	0.0372626041801214	9706	5	p
6423A	chr5	chr5q	133727560	39009725	0	19004719	0.291710437250182	0	0.142115200486721	3837.5	5	q
6423A	chr6	chr6p	59672548	31823532	0	9807239	0.533302717356732	0	0.164350934034189	6808	6	p
6423A	chr6	chr6q	112454080	29821903	0	3202352	0.26519182763311	0	0.0284769747793944	5479	6	q
6423A	chr7	chr7q	98502993	0	76279459	0	0	0.774387220904039	0	4276	7	q
6423A	chr8	chr8p	45270456	0	45218413	0	0	0.998850398149292	0	5568.5	8	p
6423A	chr8	chr8q	100988875	0	92837584	0	0	0.919285257905883	0	2574	8	q
6423A	chr9	chr9p	46267185	46205313	0	600069	0.998662723915449	0	0.0129696457651357	4032	9	p
6423A	chr9	chr9q	104350062	35604094	0	18002003	0.34119858980055	0	0.172515498840815	4864	9	q
6436B	chr1	chr1p	124048267	46835334	0	0	0.37755734225614	0	0	10227	1	p
6436B	chr1	chr1q	124339061	23417667	0	0	0.188337171051983	0	0	3299.33333333333	1	q
6436B	chr10	chr10p	40649191	4805640	16619505	0	0.118222279011654	0.408852048248636	0	8161	10	p
6436B	chr10	chr10q	94108943	40647687	0	0	0.431921618756254	0	0	6552	10	q
6436B	chr11	chr11p	52743313	7807388	0	0	0.148026120391793	0	0	164	11	p
6436B	chr11	chr11q	82384456	12812096	1000945	0	0.155515938589192	0.0121496827022806	0	8697	11	q
6436B	chr12	chr12p	35911664	13212347	0	0	0.367912414195009	0	0	5063.5	12	p
6436B	chr12	chr12q	97412884	30028050	0	600561	0.308255425432225	0	0.0061651085086445	4837.25	12	q
6436B	chr13	chr13q	97043744	7010290	0	0	0.0722384536194317	0	0	8281.5	13	q
6436B	chr14	chr14q	89761231	32652070	400640	0	0.36376584452145	0.00446339689793247	0	5180.66666666667	14	q
6436B	chr15	chr15q	82566565	11617833	0	0	0.140708687590431	0	0	5514	15	q
6436B	chr16	chr16p	36838903	58879674	0	4806526	1.59830150208327	0	0.130474189201562	5973	16	p
6436B	chr16	chr16q	59491471	22630623	0	0	0.380401133466678	0	0	4484.86666666667	16	q
6436B	chr17	chr17p	25689679	51847397	0	0	2.01821895088685	0	0	8236	17	p
6436B	chr17	chr17q	58587218	11010010	0	1601456	0.187925120458869	0	0.0273345629758354	4493	17	q
6436B	chr18	chr18q	62092914	7413106	0	0	0.119387310442541	0	0	4820	18	q
6436B	chr19	chr19p	27792923	17831055	0	19033155	0.641568179064865	0	0.68482019685371	2718	19	p
6436B	chr19	chr19q	33914441	23641064	0	0	0.697079571501709	0	0	3874.5	19	q
6436B	chr2	chr2p	93503283	24209680	0	0	0.258917967618313	0	0	5830.5	2	p
6436B	chr20	chr20p	28012753	4800744	0	0	0.171377086714755	0	0	4867.33333333333	20	p
6436B	chr20	chr20q	38197502	35405483	0	0	0.926905717551896	0	0	5595.5	20	q
6436B	chr21	chr21q	33956153	0	0	6613299	0	0	0.194759959999002	3587	21	q
6436B	chr22	chr22q	37075304	35085400	0	0	0.946328046291947	0	0	6561	22	q
6436B	chr3	chr3p	94076514	17809434	0	0	0.189307971169085	0	0	4486.5	3	p
6436B	chr3	chr3q	107029434	5803045	56829820	0	0.0542191505936582	0.530973750641342	0	5081.41666666667	3	q
6436B	chr4	chr4p	52452474	0	26824254	0	0	0.511401120946173	0	4571.25	4	p
6436B	chr4	chr4q	141122471	111901138	0	11810641	0.792936356677031	0	0.0836907185390766	5689	4	q
6436B	chr5	chr5p	48317879	6001500	0	0	0.124208680600405	0	0	5587.5	5	p
6436B	chr5	chr5q	133727560	9002248	0	11602844	0.0673178213974741	0	0.0867647925379032	7119.5	5	q
6436B	chr6	chr6p	59672548	9607094	0	0	0.160996879167955	0	0	2295.16666666667	6	p
6436B	chr6	chr6q	112454080	600441	0	0	0.00533943277113645	0	0	5735.5	6	q
6436B	chr7	chr7p	62064435	27428633	0	0	0.441938011680925	0	0	6975	7	p
6436B	chr7	chr7q	98502993	18218966	0	0	0.184958501717811	0	0	5743.5	7	q
6436B	chr8	chr8q	100988875	0	25410287	0	0	0.251614714987171	0	4448	8	q
6436B	chr9	chr9p	46267185	6200713	0	0	0.134019672906402	0	0	5468.5	9	p
6436B	chr9	chr9q	104350062	14201565	200023	0	0.136095415065494	0.00191684601011545	0	3770.5	9	q
6439C	chr1	chr1p	124048267	17413137	0	0	0.140373883659334	0	0	3435.75	1	p
6439C	chr1	chr1q	124339061	6805117	0	400302	0.0547303232409001	0	0.00321943882140143	3943.5	1	q
6439C	chr10	chr10q	94108943	32237816	0	0	0.342558475021869	0	0	6709.5	10	q
6439C	chr11	chr11p	52743313	0	0	44842527	0	0	0.850203076928444	2171	11	p
6439C	chr12	chr12q	97412884	18417204	0	71066385	0.189063327598431	0	0.7295378401896	6020.5	12	q
6439C	chr13	chr13q	97043744	50073500	0	0	0.515988954424512	0	0	8785	13	q
6439C	chr14	chr14q	89761231	0	801280	0	0	0.00892679379586494	0	8998	14	q
6439C	chr15	chr15q	82566565	56086054	1602464	0	0.67928287921388	0.0194081466269064	0	5577.66666666667	15	q
6439C	chr16	chr16p	36838903	31843111	0	0	0.8643881442398	0	0	7114	16	p
6439C	chr16	chr16q	59491471	14018970	0	0	0.235646719846615	0	0	7530.5	16	q
6439C	chr17	chr17q	58587218	10409464	0	0	0.17767465934293	0	0	12546	17	q
6439C	chr19	chr19q	33914441	23240371	0	0	0.685264751968048	0	0	6130	19	q
6439C	chr21	chr21q	33956153	5210478	0	0	0.153447241211335	0	0	3747	21	q
6439C	chr22	chr22q	37075304	35085400	0	0	0.946328046291947	0	0	5596.75	22	q
6439C	chr3	chr3p	94076514	4402332	0	0	0.0467952288283131	0	0	4767.66666666667	3	p
6439C	chr6	chr6q	112454080	1801323	0	400294	0.0160182983134093	0	0.0035596218474243	9609	6	q
6439C	chr7	chr7p	62064435	4805016	0	0	0.0774197976667314	0	0	7063	7	p
6439C	chr7	chr7q	98502993	4604807	0	0	0.0467478891732762	0	0	6938.5	7	q
6439C	chr8	chr8q	100988875	0	82033210	0	0	0.81229947358063	0	2447	8	q
6439C	chr9	chr9p	46267185	1600184	0	0	0.0345857220403619	0	0	3033	9	p
6439C	chr9	chr9q	104350062	33603811	0	400046	0.322029621793612	0	0.0038336920202309	7025.4	9	q
6478A	chr10	chr10p	40649191	0	20824440	600705	0	0.512296542383832	0.0147777848764567	3217	10	p
6478A	chr11	chr11p	52743313	0	0	49246683	0	0	0.933704771256974	3144	11	p
6478A	chr11	chr11q	82384456	400378	57654432	0	0.00485987308091225	0.699821723651365	0	5482.66666666667	11	q
6478A	chr12	chr12p	35911664	3603366	30228242	0	0.100339711353949	0.84173882892199	0	3972	12	p
6478A	chr12	chr12q	97412884	12611781	0	0	0.129467278681535	0	0	6452.5	12	q
6478A	chr14	chr14q	89761231	0	400640	48877977	0	0.00446339689793247	0.544533274059042	6185.5	14	q
6478A	chr16	chr16p	36838903	8010862	0	0	0.217456583872761	0	0	6405.5	16	p
6478A	chr16	chr16q	59491471	4005420	0	0	0.0673276342418899	0	0	4328.83333333333	16	q
6478A	chr17	chr17p	25689679	7807137	0	0	0.303901695307287	0	0	6773.5	17	p
6478A	chr17	chr17q	58587218	20818990	0	0	0.355350376937167	0	0	2927.83333333333	17	q
6478A	chr19	chr19p	27792923	19433853	0	0	0.699237464155893	0	0	3424.66666666667	19	p
6478A	chr19	chr19q	33914441	8614964	0	4608004	0.254020521818419	0	0.135871441902876	4785.66666666667	19	q
6478A	chr2	chr2p	93503283	0	0	200080	0	0	0.00213981791420094	5008.5	2	p
6478A	chr20	chr20q	38197502	8201267	0	0	0.214706893660219	0	0	6056.33333333333	20	q
6478A	chr5	chr5p	48317879	4801200	0	0	0.0993669444803237	0	0	4829.5	5	p
6478A	chr5	chr5q	133727560	6401575	0	0	0.0478702744595056	0	0	9295.66666666667	5	q
6478A	chr7	chr7p	62064435	6606897	0	0	0.106452221791756	0	0	9319	7	p
6478A	chr7	chr7q	98502993	5806061	0	0	0.0589429906967395	0	0	8043	7	q
6478A	chr9	chr9q	104350062	8400924	0	0	0.0805071299334734	0	0	1570	9	q
6483C	chr1	chr1p	124048267	46034730	0	0	0.371103370593642	0	0	7570	1	p
6483C	chr1	chr1q	124339061	15611778	0	0	0.125558114034656	0	0	5543	1	q
6483C	chr10	chr10q	94108943	18221385	0	0	0.193620121734871	0	0	7840.5	10	q
6483C	chr11	chr11p	52743313	5405118	2402279	13612920	0.102479683064278	0.04554660796526	0.258097552575053	6273.5	11	p
6483C	chr11	chr11q	82384456	11811151	0	0	0.143366255886911	0	0	3571.5	11	q
6483C	chr12	chr12q	97412884	13612716	0	3202992	0.139742459529275	0	0.0328805787127707	3204	12	q
6483C	chr13	chr13q	97043744	2203234	0	0	0.0227035139946785	0	0	4782	13	q
6483C	chr14	chr14q	89761231	8012773	400640	0	0.0892676371606356	0.00446339689793247	0	4236	14	q
6483C	chr15	chr15q	82566565	6009223	2604004	0	0.0727803439564187	0.0315382382687229	0	2935	15	q
6483C	chr16	chr16p	36838903	4606255	0	0	0.125037789534612	0	0	5642	16	p
6483C	chr16	chr16q	59491471	8010840	0	0	0.13465526848378	0	0	126	16	q
6483C	chr17	chr17q	58587218	0	3202912	0	0	0.0546691259516709	0	6656	17	q
6483C	chr18	chr18q	62092914	2203894	0	0	0.0354934864226214	0	0	4160	18	q
6483C	chr19	chr19p	27792923	18632457	801396	0	0.670402929551526	0.0288345346043667	0	5167.5	19	p
6483C	chr19	chr19q	33914441	25844897	0	0	0.76206171288508	0	0	4462.5	19	q
6483C	chr2	chr2q	149193469	3401343	1600640	0	0.0227982030500276	0.0107286197628396	0	3141	2	q
6483C	chr20	chr20q	38197502	8401298	0	0	0.219943649718246	0	0	6776.33333333333	20	q
6483C	chr21	chr21q	33956153	4609269	6012090	12825792	0.135741790302335	0.177054509090002	0.377716286058671	8830	21	q
6483C	chr22	chr22q	37075304	35085400	0	0	0.946328046291947	0	0	5352.5	22	q
6483C	chr3	chr3p	94076514	3401802	0	0	0.036159949549151	0	0	3060	3	p
6483C	chr3	chr3q	107029434	8604515	0	0	0.0803939129492173	0	0	5834.5	3	q
6483C	chr4	chr4q	141122471	1801620	0	0	0.012766358094736	0	0	5857	4	q
6483C	chr5	chr5q	133727560	11002695	200050	0	0.0822769442589097	0.00149595191896121	0	3951	5	q
6483C	chr6	chr6p	59672548	8606364	0	0	0.14422652104616	0	0	3580.5	6	p
6483C	chr7	chr7p	62064435	7607942	0	0	0.122581346305658	0	0	7881.5	7	p
6483C	chr8	chr8q	100988875	0	41016605	0	0	0.406149736790315	0	4014.5	8	q
6500D	chr1	chr1p	124048267	2802114	0	0	0.0225889008187434	0	0	4352	1	p
6500D	chr14	chr14q	89761231	26642473	400640	0	0.296814924474465	0.00446339689793247	0	5449.5	14	q
6500D	chr15	chr15q	82566565	58690064	1602464	6209543	0.710821190151243	0.0194081466269064	0.0752065076220623	6113.25	15	q
6500D	chr16	chr16p	36838903	64086742	0	0	1.73964849061874	0	0	5589	16	p
6500D	chr16	chr16q	59491471	23031165	0	7610298	0.387133896890867	0	0.127922505059591	4864	16	q
6500D	chr17	chr17p	25689679	8808052	0	0	0.342863451115913	0	0	5040.5	17	p
6500D	chr17	chr17q	58587218	9808918	0	0	0.167424198226992	0	0	5518	17	q
6500D	chr19	chr19p	27792923	15026175	0	19233504	0.540647523831876	0	0.692028830504802	5300	19	p
6500D	chr19	chr19q	33914441	6210788	0	19033065	0.183131073869093	0	0.561208277028656	5812.5	19	q
6500D	chr2	chr2p	93503283	14605840	0	0	0.156206707736668	0	0	4894.75	2	p
6500D	chr2	chr2q	149193469	12204819	0	0	0.0818053168265697	0	0	7224	2	q
6500D	chr4	chr4p	52452474	9008145	0	0	0.171739182407297	0	0	6665.5	4	p
6500D	chr4	chr4q	141122471	111700918	0	7807059	0.791517589002534	0	0.0553211614328947	6759.5	4	q
6500D	chr5	chr5q	133727560	2800700	0	124631092	0.0209433268654569	0	0.931977611795205	4729.5	5	q
6500D	chr6	chr6p	59672548	2401776	0	0	0.0402492616873005	0	0	4441	6	p
6500D	chr6	chr6q	112454080	101874823	0	0	0.905923760169484	0	0	5955.5	6	q
6500D	chr7	chr7p	62064435	0	45247234	0	0	0.729036428028387	0	7021	7	p
6500D	chr7	chr7q	98502993	5205434	0	0	0.0528454399350079	0	0	6703	7	q
6500D	chr8	chr8q	100988875	0	32813284	0	0	0.324919789432252	0	4764.5	8	q
6500D	chr9	chr9q	104350062	10601166	0	0	0.101592330630335	0	0	3411	9	q
6605D	chr1	chr1p	124048267	49437297	0	0	0.398532750159259	0	0	6389	1	p
6605D	chr1	chr1q	124339061	13810419	0	0	0.111070639338349	0	0	3099.75	1	q
6605D	chr10	chr10p	40649191	0	35842065	0	0	0.88174116429525	0	3380	10	p
6605D	chr10	chr10q	94108943	22826790	200235	5806796	0.242557075579948	0.00212769364543814	0.0617029138240348	5264.75	10	q
6605D	chr11	chr11p	52743313	12211537	0	12011400	0.231527682002077	0	0.227733134625047	3181	11	p
6605D	chr11	chr11q	82384456	14813986	0	0	0.179815303993753	0	0	2351	11	q
6605D	chr12	chr12p	35911664	0	39236657	0	0	1.09258810730686	0	6821.16666666667	12	p
6605D	chr12	chr12q	97412884	26224497	0	12011220	0.26920973821081	0	0.12330217017289	3801.25	12	q
6605D	chr13	chr13q	97043744	3204695	0	0	0.0330232003414872	0	0	6952	13	q
6605D	chr14	chr14q	89761231	25240234	801280	0	0.281193046472368	0.00892679379586494	0	6471.33333333333	14	q
6605D	chr15	chr15q	82566565	16825815	1602464	0	0.203784849230436	0.0194081466269064	0	4634	15	q
6605D	chr16	chr16p	36838903	21228748	0	10013550	0.576258961891455	0	0.271819983347495	5732.75	16	p
6605D	chr16	chr16q	59491471	17423577	0	0	0.292875208952221	0	0	5099.93333333333	16	q
6605D	chr17	chr17p	25689679	38034770	0	0	1.48054672072781	0	0	4924	17	p
6605D	chr17	chr17q	58587218	33830820	0	0	0.57744370111583	0	0	4318	17	q
6605D	chr18	chr18p	18449624	801420	0	0	0.0434382836203058	0	0	3692.5	18	p
6605D	chr18	chr18q	62092914	0	0	400708	0	0	0.00645336116774935	5330	18	q
6605D	chr19	chr19p	27792923	27648156	0	9015705	0.994791227968357	0	0.324388514299126	5374	19	p
6605D	chr19	chr19q	33914441	23440716	0	0	0.691172117505932	0	0	4100.5	19	q
6605D	chr2	chr2p	93503283	15206080	0	0	0.162626161479271	0	0	4374	2	p
6605D	chr20	chr20p	28012753	5400837	0	0	0.192799222554099	0	0	5215	20	p
6605D	chr20	chr20q	38197502	16002476	0	0	0.418940379923274	0	0	4242.75	20	q
6605D	chr21	chr21q	33956153	5010075	0	0	0.147545424241668	0	0	7687	21	q
6605D	chr22	chr22q	37075304	35085400	0	0	0.946328046291947	0	0	3118	22	q
6605D	chr3	chr3p	94076514	14407632	0	0	0.153148021619934	0	0	3379.75	3	p
6605D	chr4	chr4p	52452474	10609593	0	0	0.202270592613039	0	0	3165	4	p
6605D	chr4	chr4q	141122471	2201991	0	0	0.0156034045067139	0	0	5181.25	4	q
6605D	chr5	chr5p	48317879	1200300	0	0	0.0248417361200809	0	0	8951.25	5	p
6605D	chr5	chr5q	133727560	4801176	0	0	0.035902666585706	0	0	4559	5	q
6605D	chr6	chr6p	59672548	11008127	0	0	0.18447556487784	0	0	4249.75	6	p
6605D	chr6	chr6q	112454080	5203822	0	0	0.0462750840165159	0	0	7141.25	6	q
6605D	chr7	chr7p	62064435	8608987	600627	0	0.13871047081956	0.00967747470834142	0	7931	7	p
6605D	chr7	chr7q	98502993	15015675	0	0	0.152438769043292	0	0	6898.75	7	q
6605D	chr8	chr8q	100988875	0	36014580	0	0	0.356619281084179	0	8427	8	q
6605D	chr9	chr9p	46267185	6800782	0	1400161	0.146989318671538	0	0.0302625067853166	5118	9	p
6605D	chr9	chr9q	104350062	14001544	400044	0	0.134178588221634	0.00383367285397492	0	5288	9	q
